2026-04-28 14:16:47,809 | INFO | event=embeddings_loaded | items_count=2000
2026-04-28 14:17:13,673 | INFO | request_id=21639935 | event=chat_request_started | message_length=129 | has_files=False
2026-04-28 14:17:13,675 | INFO | request_id=21639935 | event=intent_detected | intent=analysis
2026-04-28 14:17:17,499 | INFO | request_id=21639935 | event=retrieval_completed | top_score=0.5234 | threshold=0.45 | follow_up=False
2026-04-28 14:17:23,848 | INFO | request_id=21639935 | event=chat_answer_completed | mode=RAG_ANALYSIS | intent=analysis | classification=Safe | confidence=0.9 | top_score=0.5234 | latency=10.17s
2026-04-28 14:17:36,196 | INFO | request_id=1dfefc2a | event=chat_request_started | message_length=129 | has_files=False
2026-04-28 14:17:36,199 | INFO | request_id=1dfefc2a | event=intent_detected | intent=analysis
2026-04-28 14:17:38,082 | INFO | request_id=1dfefc2a | event=retrieval_completed | top_score=0.5197 | threshold=0.45 | follow_up=False
2026-04-28 14:17:44,769 | INFO | request_id=1dfefc2a | event=chat_answer_completed | mode=RAG_ANALYSIS | intent=analysis | classification=Suspicious | confidence=0.75 | top_score=0.5197 | latency=8.57s
2026-04-28 14:17:49,316 | INFO | request_id=8b1524b3 | event=chat_request_started | message_length=174 | has_files=False
2026-04-28 14:17:49,317 | INFO | request_id=8b1524b3 | event=intent_detected | intent=analysis
2026-04-28 14:17:49,540 | INFO | request_id=8b1524b3 | event=retrieval_completed | top_score=0.4756 | threshold=0.45 | follow_up=False
2026-04-28 14:17:57,210 | INFO | request_id=8b1524b3 | event=chat_answer_completed | mode=RAG_ANALYSIS | intent=analysis | classification=Phishing | confidence=0.87 | top_score=0.4756 | latency=7.89s
2026-04-28 14:18:41,654 | INFO | request_id=240a952d | event=chat_request_started | message_length=0 | has_files=True
2026-04-28 14:18:41,655 | INFO | request_id=240a952d | event=file_uploaded | filename=test.docx | content_type=application/vnd.openxmlformats-officedocument.wordprocessingml.document | size_bytes=12369
2026-04-28 14:18:42,087 | INFO | request_id=240a952d | event=file_extracted | filename=test.docx | method=python_docx | readable=True | text_length=370 | image_pages=0
2026-04-28 14:18:42,088 | INFO | request_id=240a952d | event=file_rule_detected | filename=test.docx | classification=Phishing
2026-04-28 14:18:42,089 | INFO | request_id=240a952d | event=file_analysis_result | filename=test.docx | mode=FILE_TEXT_ANALYSIS | classification=Phishing | confidence=0.92
2026-04-28 14:18:42,089 | INFO | request_id=240a952d | event=file_analysis_completed | latency=0.44s | files_count=1
2026-04-28 14:22:55,373 | INFO | request_id=f96c360e | event=chat_request_started | message_length=20 | has_files=True
2026-04-28 14:22:55,374 | INFO | request_id=f96c360e | event=file_uploaded | filename=Screen Shot 2026-03-10 at 9.16.03 PM.png | content_type=image/png | size_bytes=110389
2026-04-28 14:23:02,946 | INFO | request_id=f96c360e | event=file_analysis_result | filename=Screen Shot 2026-03-10 at 9.16.03 PM.png | mode=VISION_FILE_ANALYSIS | classification=Safe | confidence=0.9
2026-04-28 14:23:02,946 | INFO | request_id=f96c360e | event=file_analysis_completed | latency=7.57s | files_count=1
2026-04-28 14:24:32,716 | INFO | request_id=a389fefa | event=chat_request_started | message_length=27 | has_files=False
2026-04-28 14:24:32,717 | INFO | request_id=a389fefa | event=intent_detected | intent=analysis
2026-04-28 14:24:33,109 | INFO | request_id=a389fefa | event=retrieval_completed | top_score=0.4251 | threshold=0.45 | follow_up=True
2026-04-28 14:24:39,194 | INFO | request_id=a389fefa | event=chat_answer_completed | mode=LLM_ANALYSIS | intent=analysis | classification=Safe | confidence=0.9 | top_score=0.4251 | latency=6.48s
2026-04-28 14:34:33,000 | INFO | event=embeddings_loaded | items_count=2000
2026-04-28 14:34:50,601 | INFO | request_id=35aa73ee | event=chat_request_started | message_length=28 | has_files=False
2026-04-28 14:34:50,602 | INFO | request_id=35aa73ee | event=intent_detected | intent=educational
2026-04-28 14:35:02,415 | INFO | request_id=35aa73ee | event=educational_answer_completed | latency=11.81s | intent=educational
2026-04-28 14:35:22,658 | INFO | request_id=9985e224 | event=chat_request_started | message_length=208 | has_files=False
2026-04-28 14:35:22,663 | INFO | request_id=9985e224 | event=intent_detected | intent=analysis
2026-04-28 14:35:24,034 | INFO | request_id=9985e224 | event=retrieval_completed | top_score=0.5718 | threshold=0.45 | follow_up=False
2026-04-28 14:35:30,360 | INFO | request_id=9985e224 | event=chat_answer_completed | mode=RAG_ANALYSIS | intent=analysis | classification=Phishing | confidence=0.95 | top_score=0.5718 | latency=7.7s
2026-04-28 14:35:45,616 | INFO | request_id=0dd17bd9 | event=chat_request_started | message_length=192 | has_files=False
2026-04-28 14:35:45,617 | INFO | request_id=0dd17bd9 | event=intent_detected | intent=analysis
2026-04-28 14:35:47,060 | INFO | request_id=0dd17bd9 | event=retrieval_completed | top_score=0.5525 | threshold=0.45 | follow_up=False
2026-04-28 14:35:55,139 | INFO | request_id=0dd17bd9 | event=chat_answer_completed | mode=RAG_ANALYSIS | intent=analysis | classification=Phishing | confidence=0.9 | top_score=0.5525 | latency=9.52s
2026-04-28 14:36:24,304 | INFO | request_id=9d3ff3ec | event=chat_request_started | message_length=122 | has_files=False
2026-04-28 14:36:24,305 | INFO | request_id=9d3ff3ec | event=intent_detected | intent=analysis
2026-04-28 14:36:24,680 | INFO | request_id=9d3ff3ec | event=retrieval_completed | top_score=0.4315 | threshold=0.45 | follow_up=False
2026-04-28 14:36:34,153 | INFO | request_id=9d3ff3ec | event=chat_answer_completed | mode=LLM_ANALYSIS | intent=analysis | classification=Suspicious | confidence=0.75 | top_score=0.4315 | latency=9.85s
2026-04-28 14:36:47,501 | INFO | request_id=4df2e6a3 | event=chat_request_started | message_length=124 | has_files=False
2026-04-28 14:36:47,507 | INFO | request_id=4df2e6a3 | event=intent_detected | intent=analysis
2026-04-28 14:36:47,866 | INFO | request_id=4df2e6a3 | event=retrieval_completed | top_score=0.5094 | threshold=0.45 | follow_up=False
2026-04-28 14:36:55,145 | INFO | request_id=4df2e6a3 | event=chat_answer_completed | mode=RAG_ANALYSIS | intent=analysis | classification=Safe | confidence=0.9 | top_score=0.5094 | latency=7.64s
2026-04-28 14:37:08,621 | INFO | request_id=b433020c | event=chat_request_started | message_length=92 | has_files=False
2026-04-28 14:37:08,626 | INFO | request_id=b433020c | event=intent_detected | intent=analysis
2026-04-28 14:37:09,139 | INFO | request_id=b433020c | event=retrieval_completed | top_score=0.5118 | threshold=0.45 | follow_up=False
2026-04-28 14:37:16,340 | INFO | request_id=b433020c | event=chat_answer_completed | mode=RAG_ANALYSIS | intent=analysis | classification=Phishing | confidence=0.95 | top_score=0.5118 | latency=7.72s
2026-04-28 14:37:26,828 | INFO | request_id=258f5421 | event=chat_request_started | message_length=19 | has_files=False
2026-04-28 14:37:26,829 | INFO | request_id=258f5421 | event=intent_detected | intent=educational
2026-04-28 14:37:39,228 | INFO | request_id=258f5421 | event=educational_answer_completed | latency=12.4s | intent=educational
2026-04-28 14:38:13,155 | INFO | request_id=ba3a7499 | event=chat_request_started | message_length=29 | has_files=False
2026-04-28 14:38:13,168 | INFO | request_id=ba3a7499 | event=intent_detected | intent=analysis
2026-04-28 14:38:13,825 | INFO | request_id=ba3a7499 | event=retrieval_completed | top_score=0.4034 | threshold=0.45 | follow_up=True
2026-04-28 14:38:21,569 | INFO | request_id=ba3a7499 | event=chat_answer_completed | mode=LLM_ANALYSIS | intent=analysis | classification=Phishing | confidence=0.95 | top_score=0.4034 | latency=8.41s
2026-04-28 14:38:50,663 | INFO | request_id=36277fdb | event=chat_request_started | message_length=0 | has_files=True
2026-04-28 14:38:50,664 | INFO | request_id=36277fdb | event=file_uploaded | filename=The Support Training.pdf | content_type=application/pdf | size_bytes=232849
2026-04-28 14:38:51,205 | INFO | request_id=36277fdb | event=file_extracted | filename=The Support Training.pdf | method=pypdf | readable=True | text_length=2096 | image_pages=0
2026-04-28 14:38:55,975 | INFO | request_id=36277fdb | event=file_analysis_result | filename=The Support Training.pdf | mode=FILE_TEXT_ANALYSIS | classification=Safe | confidence=0.9
2026-04-28 14:38:55,975 | INFO | request_id=36277fdb | event=file_analysis_completed | latency=5.31s | files_count=1
2026-04-28 14:39:12,887 | INFO | request_id=9c068116 | event=chat_request_started | message_length=0 | has_files=True
2026-04-28 14:39:12,888 | INFO | request_id=9c068116 | event=file_uploaded | filename=test.docx | content_type=application/vnd.openxmlformats-officedocument.wordprocessingml.document | size_bytes=12369
2026-04-28 14:39:13,289 | INFO | request_id=9c068116 | event=file_extracted | filename=test.docx | method=python_docx | readable=True | text_length=370 | image_pages=0
2026-04-28 14:39:13,290 | INFO | request_id=9c068116 | event=file_analysis_result | filename=test.docx | mode=FILE_TEXT_ANALYSIS | classification=Phishing | confidence=0.92
2026-04-28 14:39:13,290 | INFO | request_id=9c068116 | event=file_analysis_completed | latency=0.4s | files_count=1
2026-04-28 14:39:35,029 | INFO | request_id=48ba438a | event=chat_request_started | message_length=0 | has_files=True
2026-04-28 14:39:35,030 | INFO | request_id=48ba438a | event=file_uploaded | filename=Screen Shot 2026-04-25 at 9.23.54 PM.png | content_type=image/png | size_bytes=90602
2026-04-28 14:39:41,100 | INFO | request_id=48ba438a | event=file_analysis_result | filename=Screen Shot 2026-04-25 at 9.23.54 PM.png | mode=VISION_FILE_ANALYSIS | classification=Safe | confidence=0.9
2026-04-28 14:39:41,100 | INFO | request_id=48ba438a | event=file_analysis_completed | latency=6.07s | files_count=1
2026-04-28 14:39:55,208 | INFO | request_id=0f661417 | event=chat_request_started | message_length=0 | has_files=True
2026-04-28 14:39:55,209 | INFO | request_id=0f661417 | event=file_uploaded | filename=Screen Shot 2026-03-10 at 9.16.03 PM.png | content_type=image/png | size_bytes=110389
2026-04-28 14:40:01,406 | INFO | request_id=0f661417 | event=file_analysis_result | filename=Screen Shot 2026-03-10 at 9.16.03 PM.png | mode=VISION_FILE_ANALYSIS | classification=Safe | confidence=0.9
2026-04-28 14:40:01,407 | INFO | request_id=0f661417 | event=file_analysis_completed | latency=6.2s | files_count=1
2026-04-28 14:40:58,083 | INFO | request_id=3843f426 | event=chat_request_started | message_length=18 | has_files=False
2026-04-28 14:40:58,084 | INFO | request_id=3843f426 | event=intent_detected | intent=educational
2026-04-28 14:41:08,662 | INFO | request_id=3843f426 | event=educational_answer_completed | latency=10.58s | intent=educational
2026-04-28 14:41:27,325 | INFO | request_id=66f6da45 | event=chat_request_started | message_length=25 | has_files=False
2026-04-28 14:41:27,326 | INFO | request_id=66f6da45 | event=intent_detected | intent=educational
2026-04-28 14:41:35,408 | INFO | request_id=66f6da45 | event=educational_answer_completed | latency=8.08s | intent=educational
2026-04-28 14:42:15,258 | INFO | request_id=7e48e074 | event=chat_request_started | message_length=14 | has_files=False
2026-04-28 14:42:15,258 | INFO | request_id=7e48e074 | event=intent_detected | intent=educational
2026-04-28 14:42:27,426 | INFO | request_id=7e48e074 | event=educational_answer_completed | latency=12.17s | intent=educational
2026-04-28 14:54:36,465 | INFO | event=embeddings_loaded | items_count=2000
2026-04-28 14:55:03,441 | INFO | event=embeddings_loaded | items_count=2000
2026-04-28 14:55:16,324 | INFO | request_id=c59da6db | event=chat_request_started | message_length=18 | has_files=False
2026-04-28 14:55:16,325 | INFO | request_id=c59da6db | event=intent_detected | intent=educational
2026-04-28 14:55:27,610 | INFO | request_id=c59da6db | event=educational_answer_completed | latency=11.29s | intent=educational
2026-04-28 14:55:38,492 | INFO | request_id=b0068e2e | event=chat_request_started | message_length=22 | has_files=False
2026-04-28 14:55:38,492 | INFO | request_id=b0068e2e | event=intent_detected | intent=educational
2026-04-28 14:55:51,335 | INFO | request_id=b0068e2e | event=educational_answer_completed | latency=12.84s | intent=educational
2026-04-28 14:56:35,213 | INFO | request_id=dc56043c | event=chat_request_started | message_length=150 | has_files=False
2026-04-28 14:56:35,214 | INFO | request_id=dc56043c | event=intent_detected | intent=analysis
2026-04-28 14:56:37,447 | INFO | request_id=dc56043c | event=retrieval_completed | top_score=0.4784 | threshold=0.45 | follow_up=False
2026-04-28 14:56:42,038 | INFO | request_id=dc56043c | event=chat_answer_completed | mode=RAG_ANALYSIS | intent=analysis | classification=Safe | confidence=0.9 | top_score=0.4784 | latency=6.83s
2026-04-28 14:56:54,379 | INFO | request_id=e28e3caa | event=chat_request_started | message_length=23 | has_files=False
2026-04-28 14:56:54,381 | INFO | request_id=e28e3caa | event=intent_detected | intent=educational
2026-04-28 14:57:04,874 | INFO | request_id=e28e3caa | event=educational_answer_completed | latency=10.49s | intent=educational
2026-04-28 15:31:17,602 | INFO | event=prometheus_enabled | endpoint=/metrics
2026-04-28 15:31:17,603 | INFO | event=sentry_not_enabled | reason=SENTRY_DSN_not_set
2026-04-28 15:31:17,603 | INFO | event=monitoring_initialized
2026-04-28 15:31:19,018 | INFO | event=embeddings_loaded | items_count=2000
2026-04-28 16:05:40,328 | INFO | event=prometheus_enabled | endpoint=/metrics
2026-04-28 16:05:40,329 | INFO | event=sentry_not_enabled | reason=SENTRY_DSN_not_set
2026-04-28 16:05:40,329 | INFO | event=monitoring_initialized
2026-04-28 16:05:41,989 | INFO | event=embeddings_loaded | items_count=2000
2026-04-28 16:26:16,001 | INFO | event=prometheus_enabled | endpoint=/metrics
2026-04-28 16:26:16,003 | INFO | event=sentry_not_enabled | reason=SENTRY_DSN_not_set
2026-04-28 16:26:16,003 | INFO | event=monitoring_initialized
2026-04-28 16:26:17,742 | INFO | event=embeddings_loaded | items_count=2000
2026-04-28 16:28:42,845 | INFO | request_id=a1213c26 | event=chat_request_started | message_length=0 | has_files=False
2026-04-28 16:28:42,845 | INFO | request_id=a1213c26 | event=intent_detected | intent=educational
2026-04-28 16:28:51,758 | INFO | request_id=a1213c26 | event=educational_answer_completed | latency=8.91s | intent=educational
2026-04-28 16:28:54,624 | INFO | request_id=6ba8da39 | event=chat_request_started | message_length=0 | has_files=False
2026-04-28 16:28:54,624 | INFO | request_id=6ba8da39 | event=intent_detected | intent=educational
2026-04-28 16:29:03,256 | INFO | request_id=6ba8da39 | event=educational_answer_completed | latency=8.63s | intent=educational
2026-04-28 16:29:05,338 | INFO | request_id=cb534a48 | event=chat_request_started | message_length=0 | has_files=False
2026-04-28 16:29:05,338 | INFO | request_id=cb534a48 | event=intent_detected | intent=educational
2026-04-28 16:29:13,043 | INFO | request_id=cb534a48 | event=educational_answer_completed | latency=7.71s | intent=educational
2026-04-28 16:29:14,303 | INFO | request_id=efbe2f38 | event=chat_request_started | message_length=0 | has_files=False
2026-04-28 16:29:14,303 | INFO | request_id=efbe2f38 | event=intent_detected | intent=educational
2026-04-28 16:29:21,207 | INFO | request_id=efbe2f38 | event=educational_answer_completed | latency=6.9s | intent=educational
2026-04-28 16:29:23,142 | INFO | request_id=645666d3 | event=chat_request_started | message_length=0 | has_files=False
2026-04-28 16:29:23,142 | INFO | request_id=645666d3 | event=intent_detected | intent=educational
2026-04-28 16:29:31,857 | INFO | request_id=645666d3 | event=educational_answer_completed | latency=8.72s | intent=educational
2026-04-28 16:29:33,478 | INFO | request_id=d69e294f | event=chat_request_started | message_length=0 | has_files=False
2026-04-28 16:29:33,478 | INFO | request_id=d69e294f | event=intent_detected | intent=educational
2026-04-28 16:29:43,018 | INFO | request_id=d69e294f | event=educational_answer_completed | latency=9.54s | intent=educational
2026-04-28 16:29:45,429 | INFO | request_id=6acb4f10 | event=chat_request_started | message_length=0 | has_files=False
2026-04-28 16:29:45,429 | INFO | request_id=6acb4f10 | event=intent_detected | intent=educational
2026-04-28 16:29:54,895 | INFO | request_id=6acb4f10 | event=educational_answer_completed | latency=9.47s | intent=educational
2026-04-28 16:29:56,351 | INFO | request_id=323a455c | event=chat_request_started | message_length=0 | has_files=False
2026-04-28 16:29:56,352 | INFO | request_id=323a455c | event=intent_detected | intent=educational
2026-04-28 16:30:03,688 | INFO | request_id=323a455c | event=educational_answer_completed | latency=7.34s | intent=educational
2026-04-28 16:30:05,323 | INFO | request_id=1e9ef127 | event=chat_request_started | message_length=0 | has_files=False
2026-04-28 16:30:05,324 | INFO | request_id=1e9ef127 | event=intent_detected | intent=educational
2026-04-28 16:30:13,358 | INFO | request_id=1e9ef127 | event=educational_answer_completed | latency=8.03s | intent=educational
2026-04-28 16:30:15,048 | INFO | request_id=473ac14f | event=chat_request_started | message_length=0 | has_files=False
2026-04-28 16:30:15,056 | INFO | request_id=473ac14f | event=intent_detected | intent=educational
2026-04-28 16:30:22,747 | INFO | request_id=473ac14f | event=educational_answer_completed | latency=7.7s | intent=educational
2026-04-28 16:30:24,213 | INFO | request_id=1417271e | event=chat_request_started | message_length=0 | has_files=False
2026-04-28 16:30:24,214 | INFO | request_id=1417271e | event=intent_detected | intent=educational
2026-04-28 16:30:31,656 | INFO | request_id=1417271e | event=educational_answer_completed | latency=7.44s | intent=educational
2026-04-28 16:30:33,040 | INFO | request_id=2e2b3f70 | event=chat_request_started | message_length=0 | has_files=False
2026-04-28 16:30:33,041 | INFO | request_id=2e2b3f70 | event=intent_detected | intent=educational
2026-04-28 16:30:40,053 | INFO | request_id=2e2b3f70 | event=educational_answer_completed | latency=7.01s | intent=educational
2026-04-28 16:30:41,173 | INFO | request_id=d4f48528 | event=chat_request_started | message_length=0 | has_files=False
2026-04-28 16:30:41,173 | INFO | request_id=d4f48528 | event=intent_detected | intent=educational
2026-04-28 16:30:49,986 | INFO | request_id=d4f48528 | event=educational_answer_completed | latency=8.81s | intent=educational
2026-04-28 16:30:51,319 | INFO | request_id=438128e2 | event=chat_request_started | message_length=0 | has_files=False
2026-04-28 16:30:51,319 | INFO | request_id=438128e2 | event=intent_detected | intent=educational
2026-04-28 16:30:58,184 | INFO | request_id=438128e2 | event=educational_answer_completed | latency=6.87s | intent=educational
2026-04-28 16:31:00,535 | INFO | request_id=70a035b2 | event=chat_request_started | message_length=0 | has_files=False
2026-04-28 16:31:00,535 | INFO | request_id=70a035b2 | event=intent_detected | intent=educational
2026-04-28 16:31:08,500 | INFO | request_id=70a035b2 | event=educational_answer_completed | latency=7.97s | intent=educational
2026-04-28 16:31:10,320 | INFO | request_id=742031b1 | event=chat_request_started | message_length=0 | has_files=False
2026-04-28 16:31:10,321 | INFO | request_id=742031b1 | event=intent_detected | intent=educational
2026-04-28 16:31:19,452 | INFO | request_id=742031b1 | event=educational_answer_completed | latency=9.13s | intent=educational
2026-04-28 16:31:21,155 | INFO | request_id=36cab4e7 | event=chat_request_started | message_length=0 | has_files=False
2026-04-28 16:31:21,156 | INFO | request_id=36cab4e7 | event=intent_detected | intent=educational
2026-04-28 16:31:29,825 | INFO | request_id=36cab4e7 | event=educational_answer_completed | latency=8.67s | intent=educational
2026-04-28 16:31:31,081 | INFO | request_id=dd93c289 | event=chat_request_started | message_length=0 | has_files=False
2026-04-28 16:31:31,081 | INFO | request_id=dd93c289 | event=intent_detected | intent=educational
2026-04-28 16:31:38,741 | INFO | request_id=dd93c289 | event=educational_answer_completed | latency=7.66s | intent=educational
2026-04-28 16:31:40,163 | INFO | request_id=41e571ec | event=chat_request_started | message_length=0 | has_files=False
2026-04-28 16:31:40,164 | INFO | request_id=41e571ec | event=intent_detected | intent=educational
2026-04-28 16:31:48,981 | INFO | request_id=41e571ec | event=educational_answer_completed | latency=8.82s | intent=educational
2026-04-28 16:31:50,551 | INFO | request_id=a6870456 | event=chat_request_started | message_length=0 | has_files=False
2026-04-28 16:31:50,552 | INFO | request_id=a6870456 | event=intent_detected | intent=educational
2026-04-28 16:31:56,354 | INFO | request_id=a6870456 | event=educational_answer_completed | latency=5.8s | intent=educational
2026-04-28 16:31:58,600 | INFO | request_id=a58587e3 | event=chat_request_started | message_length=0 | has_files=False
2026-04-28 16:31:58,601 | INFO | request_id=a58587e3 | event=intent_detected | intent=educational
2026-04-28 16:32:06,269 | INFO | request_id=a58587e3 | event=educational_answer_completed | latency=7.67s | intent=educational
2026-04-28 16:32:07,612 | INFO | request_id=b9661b7a | event=chat_request_started | message_length=0 | has_files=False
2026-04-28 16:32:07,612 | INFO | request_id=b9661b7a | event=intent_detected | intent=educational
2026-04-28 16:32:14,873 | INFO | request_id=b9661b7a | event=educational_answer_completed | latency=7.26s | intent=educational
2026-04-28 16:32:15,884 | INFO | request_id=66ce9bf9 | event=chat_request_started | message_length=0 | has_files=False
2026-04-28 16:32:15,885 | INFO | request_id=66ce9bf9 | event=intent_detected | intent=educational
2026-04-28 16:32:22,532 | INFO | request_id=66ce9bf9 | event=educational_answer_completed | latency=6.65s | intent=educational
2026-04-28 16:32:23,683 | INFO | request_id=c0d8afe1 | event=chat_request_started | message_length=0 | has_files=False
2026-04-28 16:32:23,683 | INFO | request_id=c0d8afe1 | event=intent_detected | intent=educational
2026-04-28 16:32:31,666 | INFO | request_id=c0d8afe1 | event=educational_answer_completed | latency=7.98s | intent=educational
2026-04-28 16:32:33,104 | INFO | request_id=88de09d7 | event=chat_request_started | message_length=0 | has_files=False
2026-04-28 16:32:33,104 | INFO | request_id=88de09d7 | event=intent_detected | intent=educational
2026-04-28 16:32:40,575 | INFO | request_id=88de09d7 | event=educational_answer_completed | latency=7.47s | intent=educational
2026-04-28 16:32:41,670 | INFO | request_id=b43fe12f | event=chat_request_started | message_length=0 | has_files=False
2026-04-28 16:32:41,670 | INFO | request_id=b43fe12f | event=intent_detected | intent=educational
2026-04-28 16:32:48,972 | INFO | request_id=b43fe12f | event=educational_answer_completed | latency=7.3s | intent=educational
2026-04-28 16:32:50,817 | INFO | request_id=97da98b3 | event=chat_request_started | message_length=0 | has_files=False
2026-04-28 16:32:50,818 | INFO | request_id=97da98b3 | event=intent_detected | intent=educational
2026-04-28 16:32:57,675 | INFO | request_id=97da98b3 | event=educational_answer_completed | latency=6.86s | intent=educational
2026-04-28 16:32:58,805 | INFO | request_id=0bf6896c | event=chat_request_started | message_length=0 | has_files=False
2026-04-28 16:32:58,805 | INFO | request_id=0bf6896c | event=intent_detected | intent=educational
2026-04-28 16:33:06,381 | INFO | request_id=0bf6896c | event=educational_answer_completed | latency=7.58s | intent=educational
2026-04-28 16:33:07,610 | INFO | request_id=07837f13 | event=chat_request_started | message_length=0 | has_files=False
2026-04-28 16:33:07,611 | INFO | request_id=07837f13 | event=intent_detected | intent=educational
2026-04-28 16:33:17,745 | INFO | request_id=07837f13 | event=educational_answer_completed | latency=10.13s | intent=educational
2026-04-28 16:33:18,931 | INFO | request_id=97801766 | event=chat_request_started | message_length=0 | has_files=False
2026-04-28 16:33:18,931 | INFO | request_id=97801766 | event=intent_detected | intent=educational
2026-04-28 16:33:27,268 | INFO | request_id=97801766 | event=educational_answer_completed | latency=8.34s | intent=educational
2026-04-28 16:33:28,310 | INFO | request_id=08291523 | event=chat_request_started | message_length=0 | has_files=False
2026-04-28 16:33:28,310 | INFO | request_id=08291523 | event=intent_detected | intent=educational
2026-04-28 16:33:35,666 | INFO | request_id=08291523 | event=educational_answer_completed | latency=7.36s | intent=educational
2026-04-28 16:33:36,794 | INFO | request_id=a03d51b8 | event=chat_request_started | message_length=0 | has_files=False
2026-04-28 16:33:36,794 | INFO | request_id=a03d51b8 | event=intent_detected | intent=educational
2026-04-28 16:33:46,212 | INFO | request_id=a03d51b8 | event=educational_answer_completed | latency=9.42s | intent=educational
2026-04-28 16:33:47,341 | INFO | request_id=b6122c72 | event=chat_request_started | message_length=0 | has_files=False
2026-04-28 16:33:47,342 | INFO | request_id=b6122c72 | event=intent_detected | intent=educational
2026-04-28 16:33:54,507 | INFO | request_id=b6122c72 | event=educational_answer_completed | latency=7.17s | intent=educational
2026-04-28 16:33:55,943 | INFO | request_id=a9c743b7 | event=chat_request_started | message_length=0 | has_files=False
2026-04-28 16:33:55,943 | INFO | request_id=a9c743b7 | event=intent_detected | intent=educational
2026-04-28 16:34:06,132 | INFO | request_id=a9c743b7 | event=educational_answer_completed | latency=10.19s | intent=educational
2026-04-28 16:34:07,923 | INFO | request_id=b5f0f631 | event=chat_request_started | message_length=0 | has_files=False
2026-04-28 16:34:07,924 | INFO | request_id=b5f0f631 | event=intent_detected | intent=educational
2026-04-28 16:34:16,120 | INFO | request_id=b5f0f631 | event=educational_answer_completed | latency=8.2s | intent=educational
2026-04-28 16:34:17,241 | INFO | request_id=69d2d1e3 | event=chat_request_started | message_length=0 | has_files=False
2026-04-28 16:34:17,241 | INFO | request_id=69d2d1e3 | event=intent_detected | intent=educational
2026-04-28 16:34:25,844 | INFO | request_id=69d2d1e3 | event=educational_answer_completed | latency=8.6s | intent=educational
2026-04-28 16:34:27,181 | INFO | request_id=3899f34a | event=chat_request_started | message_length=0 | has_files=False
2026-04-28 16:34:27,183 | INFO | request_id=3899f34a | event=intent_detected | intent=educational
2026-04-28 16:34:35,175 | INFO | request_id=3899f34a | event=educational_answer_completed | latency=7.99s | intent=educational
2026-04-28 16:34:36,327 | INFO | request_id=a7ba5457 | event=chat_request_started | message_length=0 | has_files=False
2026-04-28 16:34:36,327 | INFO | request_id=a7ba5457 | event=intent_detected | intent=educational
2026-04-28 16:34:43,767 | INFO | request_id=a7ba5457 | event=educational_answer_completed | latency=7.44s | intent=educational
2026-04-28 16:34:45,261 | INFO | request_id=fbab5097 | event=chat_request_started | message_length=0 | has_files=False
2026-04-28 16:34:45,261 | INFO | request_id=fbab5097 | event=intent_detected | intent=educational
2026-04-28 16:34:52,729 | INFO | request_id=fbab5097 | event=educational_answer_completed | latency=7.47s | intent=educational
2026-04-28 16:34:53,930 | INFO | request_id=3d764d56 | event=chat_request_started | message_length=0 | has_files=False
2026-04-28 16:34:53,931 | INFO | request_id=3d764d56 | event=intent_detected | intent=educational
2026-04-28 16:35:01,223 | INFO | request_id=3d764d56 | event=educational_answer_completed | latency=7.29s | intent=educational
2026-04-28 16:52:39,811 | INFO | event=prometheus_enabled | endpoint=/metrics
2026-04-28 16:52:39,815 | INFO | event=sentry_not_enabled | reason=SENTRY_DSN_not_set
2026-04-28 16:52:39,815 | INFO | event=monitoring_initialized
2026-04-28 16:52:43,023 | INFO | event=embeddings_loaded | items_count=2000
2026-04-28 16:55:33,472 | INFO | event=prometheus_enabled | endpoint=/metrics
2026-04-28 16:55:33,473 | INFO | event=sentry_not_enabled | reason=SENTRY_DSN_not_set
2026-04-28 16:55:33,473 | INFO | event=monitoring_initialized
2026-04-28 16:55:35,815 | INFO | event=embeddings_loaded | items_count=2000
2026-04-28 16:56:03,628 | INFO | event=prometheus_enabled | endpoint=/metrics
2026-04-28 16:56:03,629 | INFO | event=sentry_not_enabled | reason=SENTRY_DSN_not_set
2026-04-28 16:56:03,630 | INFO | event=monitoring_initialized
2026-04-28 16:56:07,114 | INFO | event=embeddings_loaded | items_count=2000
2026-04-28 16:57:28,946 | INFO | request_id=113499ad | event=chat_request_started | message_length=257 | has_files=False
2026-04-28 16:57:28,946 | INFO | request_id=113499ad | event=intent_detected | intent=analysis
2026-04-28 16:57:32,449 | INFO | request_id=113499ad | event=retrieval_completed | top_score=0.6827 | threshold=0.45 | follow_up=False
2026-04-28 16:57:40,433 | INFO | request_id=113499ad | event=chat_answer_completed | mode=RAG_ANALYSIS | intent=analysis | classification=Phishing | confidence=0.95 | top_score=0.6827 | latency=11.49s
2026-04-28 16:57:58,527 | INFO | request_id=7280fe53 | event=chat_request_started | message_length=136 | has_files=False
2026-04-28 16:57:58,530 | INFO | request_id=7280fe53 | event=intent_detected | intent=analysis
2026-04-28 16:58:00,396 | INFO | request_id=7280fe53 | event=retrieval_completed | top_score=0.4639 | threshold=0.45 | follow_up=False
2026-04-28 16:58:08,824 | INFO | request_id=7280fe53 | event=chat_answer_completed | mode=RAG_ANALYSIS | intent=analysis | classification=Phishing | confidence=0.95 | top_score=0.4639 | latency=10.3s
2026-04-28 16:58:21,020 | INFO | request_id=9438282b | event=chat_request_started | message_length=129 | has_files=False
2026-04-28 16:58:21,021 | INFO | request_id=9438282b | event=intent_detected | intent=analysis
2026-04-28 16:58:21,476 | INFO | request_id=9438282b | event=retrieval_completed | top_score=0.5234 | threshold=0.45 | follow_up=False
2026-04-28 16:58:28,138 | INFO | request_id=9438282b | event=chat_answer_completed | mode=RAG_ANALYSIS | intent=analysis | classification=Safe | confidence=0.88 | top_score=0.5234 | latency=7.12s
2026-04-28 16:58:42,186 | INFO | request_id=0bdcdc0a | event=chat_request_started | message_length=93 | has_files=False
2026-04-28 16:58:42,186 | INFO | request_id=0bdcdc0a | event=intent_detected | intent=analysis
2026-04-28 16:58:42,577 | INFO | request_id=0bdcdc0a | event=retrieval_completed | top_score=0.51 | threshold=0.45 | follow_up=False
2026-04-28 16:58:48,548 | INFO | request_id=0bdcdc0a | event=chat_answer_completed | mode=RAG_ANALYSIS | intent=analysis | classification=Phishing | confidence=0.95 | top_score=0.51 | latency=6.36s
2026-04-28 16:58:56,605 | INFO | request_id=d187d87d | event=chat_request_started | message_length=24 | has_files=False
2026-04-28 16:58:56,606 | INFO | request_id=d187d87d | event=intent_detected | intent=educational
2026-04-28 16:59:08,392 | INFO | request_id=d187d87d | event=educational_answer_completed | latency=11.79s | intent=educational
2026-04-28 16:59:11,584 | INFO | request_id=b7433cf0 | event=chat_request_started | message_length=54 | has_files=False
2026-04-28 16:59:11,584 | INFO | request_id=b7433cf0 | event=intent_detected | intent=analysis
2026-04-28 16:59:11,831 | INFO | request_id=b7433cf0 | event=retrieval_completed | top_score=0.5101 | threshold=0.45 | follow_up=False
2026-04-28 16:59:23,256 | INFO | request_id=b7433cf0 | event=chat_answer_completed | mode=RAG_ANALYSIS | intent=analysis | classification=Suspicious | confidence=0.75 | top_score=0.5101 | latency=11.67s
2026-04-28 16:59:32,544 | INFO | request_id=fa504331 | event=chat_request_started | message_length=42 | has_files=False
2026-04-28 16:59:32,544 | INFO | request_id=fa504331 | event=intent_detected | intent=analysis
2026-04-28 16:59:32,907 | INFO | request_id=fa504331 | event=retrieval_completed | top_score=0.3272 | threshold=0.45 | follow_up=False
2026-04-28 16:59:40,391 | INFO | request_id=fa504331 | event=chat_answer_completed | mode=LLM_ANALYSIS | intent=analysis | classification=Phishing | confidence=0.95 | top_score=0.3272 | latency=7.85s
2026-04-28 17:16:13,090 | INFO | event=prometheus_enabled | endpoint=/metrics
2026-04-28 17:16:13,090 | INFO | event=sentry_not_enabled | reason=SENTRY_DSN_not_set
2026-04-28 17:16:13,091 | INFO | event=monitoring_initialized
2026-04-28 17:16:15,874 | INFO | event=embeddings_loaded | items_count=2000
2026-04-28 17:16:25,149 | INFO | request_id=80ff8674 | event=chat_request_started | message_length=1144 | has_files=False
2026-04-28 17:16:25,149 | INFO | request_id=80ff8674 | event=intent_detected | intent=analysis
2026-04-28 17:16:27,319 | INFO | request_id=80ff8674 | event=retrieval_completed | top_score=0.6947 | threshold=0.45 | follow_up=False
2026-04-28 17:16:34,490 | INFO | request_id=80ff8674 | event=chat_answer_completed | mode=RAG_ANALYSIS | intent=analysis | classification=Safe | confidence=0.9 | top_score=0.6947 | latency=9.34s
2026-04-28 17:16:36,996 | INFO | request_id=6b1d054d | event=chat_request_started | message_length=593 | has_files=False
2026-04-28 17:16:36,996 | INFO | request_id=6b1d054d | event=intent_detected | intent=analysis
2026-04-28 17:16:37,364 | INFO | request_id=6b1d054d | event=retrieval_completed | top_score=0.777 | threshold=0.45 | follow_up=False
2026-04-28 17:16:44,395 | INFO | request_id=6b1d054d | event=chat_answer_completed | mode=RAG_ANALYSIS | intent=analysis | classification=Safe | confidence=0.9 | top_score=0.777 | latency=7.4s
2026-04-28 17:16:47,059 | INFO | request_id=3b63d6fc | event=chat_request_started | message_length=1359 | has_files=False
2026-04-28 17:16:47,059 | INFO | request_id=3b63d6fc | event=intent_detected | intent=analysis
2026-04-28 17:16:47,990 | INFO | request_id=3b63d6fc | event=retrieval_completed | top_score=0.7627 | threshold=0.45 | follow_up=False
2026-04-28 17:16:52,225 | INFO | request_id=3b63d6fc | event=chat_answer_completed | mode=RAG_ANALYSIS | intent=analysis | classification=Safe | confidence=0.9 | top_score=0.7627 | latency=5.17s
2026-04-28 17:16:53,675 | INFO | request_id=5302bef3 | event=chat_request_started | message_length=737 | has_files=False
2026-04-28 17:16:53,675 | INFO | request_id=5302bef3 | event=intent_detected | intent=analysis
2026-04-28 17:16:53,925 | INFO | request_id=5302bef3 | event=retrieval_completed | top_score=0.7441 | threshold=0.45 | follow_up=False
2026-04-28 17:17:03,544 | INFO | request_id=5302bef3 | event=chat_answer_completed | mode=RAG_ANALYSIS | intent=analysis | classification=Phishing | confidence=0.94 | top_score=0.7441 | latency=9.87s
2026-04-28 17:17:04,981 | INFO | request_id=4fe401bc | event=chat_request_started | message_length=555 | has_files=False
2026-04-28 17:17:04,981 | INFO | request_id=4fe401bc | event=intent_detected | intent=analysis
2026-04-28 17:17:05,191 | INFO | request_id=4fe401bc | event=retrieval_completed | top_score=0.7075 | threshold=0.45 | follow_up=False
2026-04-28 17:17:11,224 | INFO | request_id=4fe401bc | event=chat_answer_completed | mode=RAG_ANALYSIS | intent=analysis | classification=Phishing | confidence=0.93 | top_score=0.7075 | latency=6.24s
2026-04-28 17:17:12,830 | INFO | request_id=08b515f6 | event=chat_request_started | message_length=2614 | has_files=False
2026-04-28 17:17:12,831 | INFO | request_id=08b515f6 | event=intent_detected | intent=analysis
2026-04-28 17:17:13,039 | INFO | request_id=08b515f6 | event=retrieval_completed | top_score=0.8109 | threshold=0.45 | follow_up=False
2026-04-28 17:17:18,597 | ERROR | event=json_parse_failed | error=Invalid control character at: line 7 column 34 (char 419)
2026-04-28 17:17:18,597 | INFO | request_id=08b515f6 | event=chat_answer_completed | mode=RAG_ANALYSIS | intent=analysis | classification=Suspicious | confidence=0.45 | top_score=0.8109 | latency=5.77s
2026-04-28 17:17:20,136 | INFO | request_id=75641d6c | event=chat_request_started | message_length=1016 | has_files=False
2026-04-28 17:17:20,136 | INFO | request_id=75641d6c | event=intent_detected | intent=analysis
2026-04-28 17:17:20,351 | INFO | request_id=75641d6c | event=retrieval_completed | top_score=0.6948 | threshold=0.45 | follow_up=False
2026-04-28 17:17:26,788 | INFO | request_id=75641d6c | event=chat_answer_completed | mode=RAG_ANALYSIS | intent=analysis | classification=Safe | confidence=0.9 | top_score=0.6948 | latency=6.65s
2026-04-28 17:17:28,137 | INFO | request_id=1d3c7b3a | event=chat_request_started | message_length=2614 | has_files=False
2026-04-28 17:17:28,137 | INFO | request_id=1d3c7b3a | event=intent_detected | intent=analysis
2026-04-28 17:17:28,382 | INFO | request_id=1d3c7b3a | event=retrieval_completed | top_score=0.8221 | threshold=0.45 | follow_up=False
2026-04-28 17:17:39,794 | INFO | request_id=1d3c7b3a | event=chat_answer_completed | mode=RAG_ANALYSIS | intent=analysis | classification=Phishing | confidence=0.93 | top_score=0.8221 | latency=11.66s
2026-04-28 17:17:41,332 | INFO | request_id=e1cc9131 | event=chat_request_started | message_length=727 | has_files=False
2026-04-28 17:17:41,332 | INFO | request_id=e1cc9131 | event=intent_detected | intent=analysis
2026-04-28 17:17:41,538 | INFO | request_id=e1cc9131 | event=retrieval_completed | top_score=0.7755 | threshold=0.45 | follow_up=False
2026-04-28 17:17:50,322 | INFO | request_id=e1cc9131 | event=chat_answer_completed | mode=RAG_ANALYSIS | intent=analysis | classification=Phishing | confidence=0.95 | top_score=0.7755 | latency=8.99s
2026-04-28 17:17:52,367 | INFO | request_id=2b3df7a4 | event=chat_request_started | message_length=1936 | has_files=False
2026-04-28 17:17:52,367 | INFO | request_id=2b3df7a4 | event=intent_detected | intent=analysis
2026-04-28 17:17:52,577 | INFO | request_id=2b3df7a4 | event=retrieval_completed | top_score=0.7884 | threshold=0.45 | follow_up=False
2026-04-28 17:17:58,355 | INFO | request_id=2b3df7a4 | event=chat_answer_completed | mode=RAG_ANALYSIS | intent=analysis | classification=Safe | confidence=0.9 | top_score=0.7884 | latency=5.99s
2026-04-28 17:18:00,070 | INFO | request_id=d8176e1b | event=chat_request_started | message_length=1588 | has_files=False
2026-04-28 17:18:00,070 | INFO | request_id=d8176e1b | event=intent_detected | intent=analysis
2026-04-28 17:18:00,293 | INFO | request_id=d8176e1b | event=retrieval_completed | top_score=0.7805 | threshold=0.45 | follow_up=False
2026-04-28 17:18:10,206 | INFO | request_id=d8176e1b | event=chat_answer_completed | mode=RAG_ANALYSIS | intent=analysis | classification=Phishing | confidence=0.95 | top_score=0.7805 | latency=10.14s
2026-04-28 17:18:12,667 | INFO | request_id=eca4d1ff | event=chat_request_started | message_length=262 | has_files=False
2026-04-28 17:18:12,667 | INFO | request_id=eca4d1ff | event=intent_detected | intent=analysis
2026-04-28 17:18:12,891 | INFO | request_id=eca4d1ff | event=retrieval_completed | top_score=0.6437 | threshold=0.45 | follow_up=False
2026-04-28 17:18:20,239 | INFO | request_id=eca4d1ff | event=chat_answer_completed | mode=RAG_ANALYSIS | intent=analysis | classification=Suspicious | confidence=0.72 | top_score=0.6437 | latency=7.57s
2026-04-28 17:18:21,594 | INFO | request_id=f26d9848 | event=chat_request_started | message_length=2613 | has_files=False
2026-04-28 17:18:21,594 | INFO | request_id=f26d9848 | event=intent_detected | intent=analysis
2026-04-28 17:18:21,807 | INFO | request_id=f26d9848 | event=retrieval_completed | top_score=0.753 | threshold=0.45 | follow_up=False
2026-04-28 17:18:27,407 | INFO | request_id=f26d9848 | event=chat_answer_completed | mode=RAG_ANALYSIS | intent=analysis | classification=Safe | confidence=0.9 | top_score=0.753 | latency=5.81s
2026-04-28 17:18:29,049 | INFO | request_id=de3c9b92 | event=chat_request_started | message_length=1343 | has_files=False
2026-04-28 17:18:29,049 | INFO | request_id=de3c9b92 | event=intent_detected | intent=analysis
2026-04-28 17:18:29,262 | INFO | request_id=de3c9b92 | event=retrieval_completed | top_score=0.7655 | threshold=0.45 | follow_up=False
2026-04-28 17:18:33,656 | INFO | request_id=de3c9b92 | event=chat_answer_completed | mode=RAG_ANALYSIS | intent=analysis | classification=Safe | confidence=0.9 | top_score=0.7655 | latency=4.61s
2026-04-28 17:18:34,988 | INFO | request_id=983d21a5 | event=chat_request_started | message_length=2614 | has_files=False
2026-04-28 17:18:34,988 | INFO | request_id=983d21a5 | event=intent_detected | intent=analysis
2026-04-28 17:18:35,198 | INFO | request_id=983d21a5 | event=retrieval_completed | top_score=0.8334 | threshold=0.45 | follow_up=False
2026-04-28 17:18:42,440 | INFO | request_id=983d21a5 | event=chat_answer_completed | mode=RAG_ANALYSIS | intent=analysis | classification=Safe | confidence=0.9 | top_score=0.8334 | latency=7.45s
2026-04-28 17:18:43,990 | INFO | request_id=aeee737a | event=chat_request_started | message_length=370 | has_files=False
2026-04-28 17:18:43,990 | INFO | request_id=aeee737a | event=intent_detected | intent=analysis
2026-04-28 17:18:44,310 | INFO | request_id=aeee737a | event=retrieval_completed | top_score=0.742 | threshold=0.45 | follow_up=False
2026-04-28 17:18:51,475 | INFO | request_id=aeee737a | event=chat_answer_completed | mode=RAG_ANALYSIS | intent=analysis | classification=Phishing | confidence=0.95 | top_score=0.742 | latency=7.48s
2026-04-28 17:18:52,805 | INFO | request_id=bac3847d | event=chat_request_started | message_length=829 | has_files=False
2026-04-28 17:18:52,805 | INFO | request_id=bac3847d | event=intent_detected | intent=analysis
2026-04-28 17:18:53,020 | INFO | request_id=bac3847d | event=retrieval_completed | top_score=0.7408 | threshold=0.45 | follow_up=False
2026-04-28 17:19:01,096 | INFO | request_id=bac3847d | event=chat_answer_completed | mode=RAG_ANALYSIS | intent=analysis | classification=Phishing | confidence=0.95 | top_score=0.7408 | latency=8.29s
2026-04-28 17:19:02,538 | INFO | request_id=2a3b6a61 | event=chat_request_started | message_length=1126 | has_files=False
2026-04-28 17:19:02,538 | INFO | request_id=2a3b6a61 | event=intent_detected | intent=analysis
2026-04-28 17:19:02,764 | INFO | request_id=2a3b6a61 | event=retrieval_completed | top_score=0.7608 | threshold=0.45 | follow_up=False
2026-04-28 17:19:12,668 | INFO | request_id=2a3b6a61 | event=chat_answer_completed | mode=RAG_ANALYSIS | intent=analysis | classification=Phishing | confidence=0.92 | top_score=0.7608 | latency=10.13s
2026-04-28 17:19:14,022 | INFO | request_id=ce1ff954 | event=chat_request_started | message_length=992 | has_files=False
2026-04-28 17:19:14,022 | INFO | request_id=ce1ff954 | event=intent_detected | intent=analysis
2026-04-28 17:19:14,223 | INFO | request_id=ce1ff954 | event=retrieval_completed | top_score=0.7449 | threshold=0.45 | follow_up=False
2026-04-28 17:19:24,239 | INFO | request_id=ce1ff954 | event=chat_answer_completed | mode=RAG_ANALYSIS | intent=analysis | classification=Phishing | confidence=0.95 | top_score=0.7449 | latency=10.22s
2026-04-28 17:19:25,794 | INFO | request_id=8c671039 | event=chat_request_started | message_length=1159 | has_files=False
2026-04-28 17:19:25,794 | INFO | request_id=8c671039 | event=intent_detected | intent=analysis
2026-04-28 17:19:26,027 | INFO | request_id=8c671039 | event=retrieval_completed | top_score=0.7493 | threshold=0.45 | follow_up=False
2026-04-28 17:19:34,786 | INFO | request_id=8c671039 | event=chat_answer_completed | mode=RAG_ANALYSIS | intent=analysis | classification=Phishing | confidence=0.86 | top_score=0.7493 | latency=8.99s
2026-04-28 17:19:36,182 | INFO | request_id=dcd84132 | event=chat_request_started | message_length=1144 | has_files=False
2026-04-28 17:19:36,183 | INFO | request_id=dcd84132 | event=intent_detected | intent=analysis
2026-04-28 17:19:36,441 | INFO | request_id=dcd84132 | event=retrieval_completed | top_score=0.6947 | threshold=0.45 | follow_up=False
2026-04-28 17:19:42,364 | INFO | request_id=dcd84132 | event=chat_answer_completed | mode=RAG_ANALYSIS | intent=analysis | classification=Safe | confidence=0.9 | top_score=0.6947 | latency=6.18s
2026-04-28 17:19:43,703 | INFO | request_id=454333f5 | event=chat_request_started | message_length=593 | has_files=False
2026-04-28 17:19:43,703 | INFO | request_id=454333f5 | event=intent_detected | intent=analysis
2026-04-28 17:19:43,919 | INFO | request_id=454333f5 | event=retrieval_completed | top_score=0.777 | threshold=0.45 | follow_up=False
2026-04-28 17:19:48,106 | INFO | request_id=454333f5 | event=chat_answer_completed | mode=RAG_ANALYSIS | intent=analysis | classification=Safe | confidence=0.9 | top_score=0.777 | latency=4.4s
2026-04-28 17:19:49,535 | INFO | request_id=d9886ad4 | event=chat_request_started | message_length=1359 | has_files=False
2026-04-28 17:19:49,536 | INFO | request_id=d9886ad4 | event=intent_detected | intent=analysis
2026-04-28 17:19:49,771 | INFO | request_id=d9886ad4 | event=retrieval_completed | top_score=0.763 | threshold=0.45 | follow_up=False
2026-04-28 17:19:55,880 | INFO | request_id=d9886ad4 | event=chat_answer_completed | mode=RAG_ANALYSIS | intent=analysis | classification=Safe | confidence=0.9 | top_score=0.763 | latency=6.34s
2026-04-28 17:19:57,126 | INFO | request_id=c6bfcd94 | event=chat_request_started | message_length=737 | has_files=False
2026-04-28 17:19:57,127 | INFO | request_id=c6bfcd94 | event=intent_detected | intent=analysis
2026-04-28 17:19:57,354 | INFO | request_id=c6bfcd94 | event=retrieval_completed | top_score=0.7441 | threshold=0.45 | follow_up=False
2026-04-28 17:20:08,373 | INFO | request_id=c6bfcd94 | event=chat_answer_completed | mode=RAG_ANALYSIS | intent=analysis | classification=Phishing | confidence=0.93 | top_score=0.7441 | latency=11.25s
2026-04-28 17:20:09,959 | INFO | request_id=568392c1 | event=chat_request_started | message_length=555 | has_files=False
2026-04-28 17:20:09,960 | INFO | request_id=568392c1 | event=intent_detected | intent=analysis
2026-04-28 17:20:10,302 | INFO | request_id=568392c1 | event=retrieval_completed | top_score=0.7074 | threshold=0.45 | follow_up=False
2026-04-28 17:20:19,804 | INFO | request_id=568392c1 | event=chat_answer_completed | mode=RAG_ANALYSIS | intent=analysis | classification=Phishing | confidence=0.95 | top_score=0.7074 | latency=9.84s
2026-04-28 17:20:21,296 | INFO | request_id=52558324 | event=chat_request_started | message_length=2614 | has_files=False
2026-04-28 17:20:21,296 | INFO | request_id=52558324 | event=intent_detected | intent=analysis
2026-04-28 17:20:21,522 | INFO | request_id=52558324 | event=retrieval_completed | top_score=0.8109 | threshold=0.45 | follow_up=False
2026-04-28 17:20:28,035 | INFO | request_id=52558324 | event=chat_answer_completed | mode=RAG_ANALYSIS | intent=analysis | classification=Safe | confidence=0.9 | top_score=0.8109 | latency=6.74s
2026-04-28 17:20:29,164 | INFO | request_id=993555ce | event=chat_request_started | message_length=1016 | has_files=False
2026-04-28 17:20:29,164 | INFO | request_id=993555ce | event=intent_detected | intent=analysis
2026-04-28 17:20:29,410 | INFO | request_id=993555ce | event=retrieval_completed | top_score=0.6948 | threshold=0.45 | follow_up=False
2026-04-28 17:20:35,407 | INFO | request_id=993555ce | event=chat_answer_completed | mode=RAG_ANALYSIS | intent=analysis | classification=Safe | confidence=0.9 | top_score=0.6948 | latency=6.24s
2026-04-28 17:20:36,745 | INFO | request_id=c947f562 | event=chat_request_started | message_length=2614 | has_files=False
2026-04-28 17:20:36,745 | INFO | request_id=c947f562 | event=intent_detected | intent=analysis
2026-04-28 17:20:36,965 | INFO | request_id=c947f562 | event=retrieval_completed | top_score=0.8221 | threshold=0.45 | follow_up=False
2026-04-28 17:20:46,167 | INFO | request_id=c947f562 | event=chat_answer_completed | mode=RAG_ANALYSIS | intent=analysis | classification=Phishing | confidence=0.94 | top_score=0.8221 | latency=9.42s
2026-04-28 17:20:47,390 | INFO | request_id=73e57406 | event=chat_request_started | message_length=727 | has_files=False
2026-04-28 17:20:47,390 | INFO | request_id=73e57406 | event=intent_detected | intent=analysis
2026-04-28 17:20:47,604 | INFO | request_id=73e57406 | event=retrieval_completed | top_score=0.7755 | threshold=0.45 | follow_up=False
2026-04-28 17:20:54,350 | INFO | request_id=73e57406 | event=chat_answer_completed | mode=RAG_ANALYSIS | intent=analysis | classification=Phishing | confidence=0.95 | top_score=0.7755 | latency=6.96s
2026-04-28 17:20:55,481 | INFO | request_id=398fdee1 | event=chat_request_started | message_length=1936 | has_files=False
2026-04-28 17:20:55,481 | INFO | request_id=398fdee1 | event=intent_detected | intent=analysis
2026-04-28 17:20:55,704 | INFO | request_id=398fdee1 | event=retrieval_completed | top_score=0.7884 | threshold=0.45 | follow_up=False
2026-04-28 17:21:03,669 | INFO | request_id=398fdee1 | event=chat_answer_completed | mode=RAG_ANALYSIS | intent=analysis | classification=Safe | confidence=0.9 | top_score=0.7884 | latency=8.19s
2026-04-28 17:21:04,799 | INFO | request_id=916a9f0f | event=chat_request_started | message_length=1588 | has_files=False
2026-04-28 17:21:04,799 | INFO | request_id=916a9f0f | event=intent_detected | intent=analysis
2026-04-28 17:21:05,043 | INFO | request_id=916a9f0f | event=retrieval_completed | top_score=0.7805 | threshold=0.45 | follow_up=False
2026-04-28 17:21:15,240 | INFO | request_id=916a9f0f | event=chat_answer_completed | mode=RAG_ANALYSIS | intent=analysis | classification=Phishing | confidence=0.95 | top_score=0.7805 | latency=10.44s
2026-04-28 17:21:16,391 | INFO | request_id=69a0fa79 | event=chat_request_started | message_length=262 | has_files=False
2026-04-28 17:21:16,391 | INFO | request_id=69a0fa79 | event=intent_detected | intent=analysis
2026-04-28 17:21:16,606 | INFO | request_id=69a0fa79 | event=retrieval_completed | top_score=0.6437 | threshold=0.45 | follow_up=False
2026-04-28 17:21:24,561 | INFO | request_id=69a0fa79 | event=chat_answer_completed | mode=RAG_ANALYSIS | intent=analysis | classification=Suspicious | confidence=0.62 | top_score=0.6437 | latency=8.17s
2026-04-28 17:21:25,893 | INFO | request_id=3ee6d958 | event=chat_request_started | message_length=2613 | has_files=False
2026-04-28 17:21:25,894 | INFO | request_id=3ee6d958 | event=intent_detected | intent=analysis
2026-04-28 17:21:26,115 | INFO | request_id=3ee6d958 | event=retrieval_completed | top_score=0.753 | threshold=0.45 | follow_up=False
2026-04-28 17:21:32,853 | INFO | request_id=3ee6d958 | event=chat_answer_completed | mode=RAG_ANALYSIS | intent=analysis | classification=Safe | confidence=0.9 | top_score=0.753 | latency=6.96s
2026-04-28 17:21:34,296 | INFO | request_id=e2745e26 | event=chat_request_started | message_length=1343 | has_files=False
2026-04-28 17:21:34,296 | INFO | request_id=e2745e26 | event=intent_detected | intent=analysis
2026-04-28 17:21:34,532 | INFO | request_id=e2745e26 | event=retrieval_completed | top_score=0.7655 | threshold=0.45 | follow_up=False
2026-04-28 17:21:42,889 | INFO | request_id=e2745e26 | event=chat_answer_completed | mode=RAG_ANALYSIS | intent=analysis | classification=Safe | confidence=0.9 | top_score=0.7655 | latency=8.59s
2026-04-28 17:21:44,223 | INFO | request_id=928b3b5c | event=chat_request_started | message_length=2614 | has_files=False
2026-04-28 17:21:44,223 | INFO | request_id=928b3b5c | event=intent_detected | intent=analysis
2026-04-28 17:21:44,445 | INFO | request_id=928b3b5c | event=retrieval_completed | top_score=0.8334 | threshold=0.45 | follow_up=False
2026-04-28 17:21:53,435 | INFO | request_id=928b3b5c | event=chat_answer_completed | mode=RAG_ANALYSIS | intent=analysis | classification=Safe | confidence=0.9 | top_score=0.8334 | latency=9.21s
2026-04-28 17:21:54,975 | INFO | request_id=722f6799 | event=chat_request_started | message_length=370 | has_files=False
2026-04-28 17:21:54,975 | INFO | request_id=722f6799 | event=intent_detected | intent=analysis
2026-04-28 17:21:55,216 | INFO | request_id=722f6799 | event=retrieval_completed | top_score=0.742 | threshold=0.45 | follow_up=False
2026-04-28 17:22:03,225 | INFO | request_id=722f6799 | event=chat_answer_completed | mode=RAG_ANALYSIS | intent=analysis | classification=Phishing | confidence=0.95 | top_score=0.742 | latency=8.25s
2026-04-28 17:22:04,521 | INFO | request_id=caeb98f6 | event=chat_request_started | message_length=829 | has_files=False
2026-04-28 17:22:04,522 | INFO | request_id=caeb98f6 | event=intent_detected | intent=analysis
2026-04-28 17:22:04,751 | INFO | request_id=caeb98f6 | event=retrieval_completed | top_score=0.7408 | threshold=0.45 | follow_up=False
2026-04-28 17:22:12,949 | INFO | request_id=caeb98f6 | event=chat_answer_completed | mode=RAG_ANALYSIS | intent=analysis | classification=Phishing | confidence=0.95 | top_score=0.7408 | latency=8.43s
2026-04-28 17:22:16,794 | INFO | request_id=3ed1d350 | event=chat_request_started | message_length=1126 | has_files=False
2026-04-28 17:22:16,795 | INFO | request_id=3ed1d350 | event=intent_detected | intent=analysis
2026-04-28 17:22:17,115 | INFO | request_id=3ed1d350 | event=retrieval_completed | top_score=0.7608 | threshold=0.45 | follow_up=False
2026-04-28 17:22:26,516 | INFO | request_id=3ed1d350 | event=chat_answer_completed | mode=RAG_ANALYSIS | intent=analysis | classification=Phishing | confidence=0.9 | top_score=0.7608 | latency=9.72s
2026-04-28 17:22:28,061 | INFO | request_id=4b8a6f5d | event=chat_request_started | message_length=992 | has_files=False
2026-04-28 17:22:28,061 | INFO | request_id=4b8a6f5d | event=intent_detected | intent=analysis
2026-04-28 17:22:28,287 | INFO | request_id=4b8a6f5d | event=retrieval_completed | top_score=0.7449 | threshold=0.45 | follow_up=False
2026-04-28 17:22:37,743 | INFO | request_id=4b8a6f5d | event=chat_answer_completed | mode=RAG_ANALYSIS | intent=analysis | classification=Phishing | confidence=0.95 | top_score=0.7449 | latency=9.68s
2026-04-28 17:22:39,314 | INFO | request_id=3fd5f83c | event=chat_request_started | message_length=1159 | has_files=False
2026-04-28 17:22:39,314 | INFO | request_id=3fd5f83c | event=intent_detected | intent=analysis
2026-04-28 17:22:39,532 | INFO | request_id=3fd5f83c | event=retrieval_completed | top_score=0.7493 | threshold=0.45 | follow_up=False
2026-04-28 17:22:47,836 | INFO | request_id=3fd5f83c | event=chat_answer_completed | mode=RAG_ANALYSIS | intent=analysis | classification=Phishing | confidence=0.92 | top_score=0.7493 | latency=8.52s
2026-04-28 18:51:47,045 | INFO | event=prometheus_enabled | endpoint=/metrics
2026-04-28 18:51:47,046 | INFO | event=sentry_not_enabled | reason=SENTRY_DSN_not_set
2026-04-28 18:51:47,046 | INFO | event=monitoring_initialized
2026-04-28 18:51:48,523 | INFO | event=embeddings_loaded | items_count=2000
2026-04-28 18:52:12,858 | INFO | request_id=6e71802c | event=chat_request_started | message_length=13 | has_files=False
2026-04-28 18:52:12,859 | INFO | request_id=6e71802c | event=intent_detected | intent=educational
2026-04-28 18:52:20,637 | INFO | request_id=6e71802c | event=educational_answer_completed | latency=7.78s | intent=educational
2026-04-28 18:52:46,375 | INFO | request_id=653dd130 | event=chat_request_started | message_length=27 | has_files=False
2026-04-28 18:52:46,376 | INFO | request_id=653dd130 | event=intent_detected | intent=educational
2026-04-28 18:52:58,081 | INFO | request_id=653dd130 | event=educational_answer_completed | latency=11.71s | intent=educational
2026-04-28 18:53:38,023 | INFO | request_id=ca877043 | event=chat_request_started | message_length=192 | has_files=False
2026-04-28 18:53:38,024 | INFO | request_id=ca877043 | event=intent_detected | intent=analysis
2026-04-28 18:53:39,549 | INFO | request_id=ca877043 | event=retrieval_completed | top_score=0.4195 | threshold=0.45 | follow_up=False
2026-04-28 18:53:46,901 | INFO | request_id=ca877043 | event=chat_answer_completed | mode=LLM_ANALYSIS | intent=analysis | classification=Phishing | confidence=0.95 | top_score=0.4195 | latency=8.88s
2026-04-28 18:53:49,742 | INFO | request_id=30297838 | event=chat_request_started | message_length=122 | has_files=False
2026-04-28 18:53:49,743 | INFO | request_id=30297838 | event=intent_detected | intent=analysis
2026-04-28 18:53:49,997 | INFO | request_id=30297838 | event=retrieval_completed | top_score=0.4315 | threshold=0.45 | follow_up=False
2026-04-28 18:54:00,087 | INFO | request_id=30297838 | event=chat_answer_completed | mode=LLM_ANALYSIS | intent=analysis | classification=Suspicious | confidence=0.75 | top_score=0.4315 | latency=10.34s
2026-04-28 18:55:19,303 | INFO | request_id=f3750624 | event=chat_request_started | message_length=78 | has_files=False
2026-04-28 18:55:19,304 | INFO | request_id=f3750624 | event=intent_detected | intent=analysis
2026-04-28 18:55:21,195 | INFO | request_id=f3750624 | event=retrieval_completed | top_score=0.4704 | threshold=0.45 | follow_up=False
2026-04-28 18:55:27,684 | INFO | request_id=f3750624 | event=chat_answer_completed | mode=RAG_ANALYSIS | intent=analysis | classification=Phishing | confidence=0.95 | top_score=0.4704 | latency=8.38s
2026-04-28 18:56:45,062 | INFO | event=prometheus_enabled | endpoint=/metrics
2026-04-28 18:56:45,063 | INFO | event=sentry_not_enabled | reason=SENTRY_DSN_not_set
2026-04-28 18:56:45,063 | INFO | event=monitoring_initialized
2026-04-28 18:56:46,673 | INFO | event=embeddings_loaded | items_count=2000
2026-04-28 18:57:22,750 | INFO | request_id=0ccf4f54 | event=chat_request_started | message_length=150 | has_files=False
2026-04-28 18:57:22,752 | INFO | request_id=0ccf4f54 | event=intent_detected | intent=analysis
2026-04-28 18:57:24,238 | INFO | request_id=0ccf4f54 | event=retrieval_completed | top_score=0.4783 | threshold=0.45 | follow_up=False
2026-04-28 18:57:29,305 | INFO | request_id=0ccf4f54 | event=chat_answer_completed | mode=RAG_ANALYSIS | intent=analysis | classification=Safe | confidence=0.9 | top_score=0.4783 | latency=6.56s
2026-04-28 18:58:30,699 | INFO | event=prometheus_enabled | endpoint=/metrics
2026-04-28 18:58:30,700 | INFO | event=sentry_not_enabled | reason=SENTRY_DSN_not_set
2026-04-28 18:58:30,700 | INFO | event=monitoring_initialized
2026-04-28 18:58:32,155 | INFO | event=embeddings_loaded | items_count=2000
2026-04-28 18:59:08,334 | INFO | request_id=c56e8976 | event=chat_request_started | message_length=150 | has_files=False
2026-04-28 18:59:08,335 | INFO | request_id=c56e8976 | event=intent_detected | intent=analysis
2026-04-28 18:59:09,463 | INFO | request_id=c56e8976 | event=retrieval_completed | top_score=0.4784 | threshold=0.45 | follow_up=False
2026-04-28 18:59:14,263 | INFO | request_id=c56e8976 | event=chat_answer_completed | mode=RAG_ANALYSIS | intent=analysis | classification=Safe | confidence=0.9 | top_score=0.4784 | latency=5.93s
2026-04-28 19:02:15,691 | INFO | event=prometheus_enabled | endpoint=/metrics
2026-04-28 19:02:15,691 | INFO | event=sentry_not_enabled | reason=SENTRY_DSN_not_set
2026-04-28 19:02:15,692 | INFO | event=monitoring_initialized
2026-04-28 19:02:17,591 | INFO | event=embeddings_loaded | items_count=2000
2026-04-28 19:02:50,910 | INFO | request_id=4f621035 | event=chat_request_started | message_length=95 | has_files=False
2026-04-28 19:02:50,910 | INFO | request_id=4f621035 | event=intent_detected | intent=analysis
2026-04-28 19:02:52,109 | INFO | request_id=4f621035 | event=retrieval_completed | top_score=0.4824 | threshold=0.45 | follow_up=False
2026-04-28 19:02:58,624 | INFO | request_id=4f621035 | event=chat_answer_completed | mode=RAG_ANALYSIS | intent=analysis | classification=Phishing | confidence=0.95 | top_score=0.4824 | latency=7.72s
2026-04-28 19:05:33,240 | INFO | event=prometheus_enabled | endpoint=/metrics
2026-04-28 19:05:33,241 | INFO | event=sentry_not_enabled | reason=SENTRY_DSN_not_set
2026-04-28 19:05:33,242 | INFO | event=monitoring_initialized
2026-04-28 19:05:34,827 | INFO | event=embeddings_loaded | items_count=2000
2026-04-28 19:06:09,411 | INFO | request_id=90fe114d | event=chat_request_started | message_length=95 | has_files=False
2026-04-28 19:06:09,412 | INFO | request_id=90fe114d | event=intent_detected | intent=analysis
2026-04-28 19:06:11,346 | INFO | request_id=90fe114d | event=retrieval_completed | top_score=0.4824 | threshold=0.45 | follow_up=False
2026-04-28 19:06:18,303 | INFO | request_id=90fe114d | event=chat_answer_completed | mode=RAG_ANALYSIS | intent=analysis | classification=Phishing | confidence=0.95 | top_score=0.4824 | latency=8.89s
2026-04-28 19:47:12,926 | INFO | event=prometheus_enabled | endpoint=/metrics
2026-04-28 19:47:12,927 | INFO | event=sentry_not_enabled | reason=SENTRY_DSN_not_set
2026-04-28 19:47:12,927 | INFO | event=monitoring_initialized
2026-04-28 19:47:15,579 | INFO | event=embeddings_loaded | items_count=2000
2026-04-28 19:47:49,083 | INFO | request_id=9b52d38a | event=chat_request_started | message_length=95 | has_files=False
2026-04-28 19:47:49,084 | INFO | request_id=9b52d38a | event=intent_detected | intent=analysis
2026-04-28 19:47:51,614 | INFO | request_id=9b52d38a | event=retrieval_completed | top_score=0.4824 | threshold=0.45 | follow_up=False
2026-04-28 19:47:57,647 | INFO | request_id=9b52d38a | event=chat_answer_completed | mode=RAG_ANALYSIS | intent=analysis | classification=Phishing | confidence=0.95 | top_score=0.4824 | latency=8.56s
2026-04-28 19:50:38,314 | INFO | event=prometheus_enabled | endpoint=/metrics
2026-04-28 19:50:38,315 | INFO | event=sentry_not_enabled | reason=SENTRY_DSN_not_set
2026-04-28 19:50:38,315 | INFO | event=monitoring_initialized
2026-04-28 19:50:39,749 | INFO | event=embeddings_loaded | items_count=2000
2026-04-28 19:51:23,223 | INFO | request_id=e3e6edeb | event=chat_request_started | message_length=192 | has_files=False
2026-04-28 19:51:23,224 | INFO | request_id=e3e6edeb | event=intent_detected | intent=analysis
2026-04-28 19:51:26,547 | INFO | request_id=e3e6edeb | event=retrieval_completed | top_score=0.4195 | threshold=0.45 | follow_up=False
2026-04-28 19:51:36,201 | INFO | request_id=e3e6edeb | event=chat_answer_completed | mode=LLM_ANALYSIS | intent=analysis | classification=Phishing | confidence=0.95 | top_score=0.4195 | latency=12.98s
2026-04-28 19:51:42,769 | INFO | request_id=c26a087d | event=chat_request_started | message_length=132 | has_files=False
2026-04-28 19:51:42,770 | INFO | request_id=c26a087d | event=intent_detected | intent=analysis
2026-04-28 19:51:43,115 | INFO | request_id=c26a087d | event=retrieval_completed | top_score=0.5349 | threshold=0.45 | follow_up=False
2026-04-28 19:51:49,977 | INFO | request_id=c26a087d | event=chat_answer_completed | mode=RAG_ANALYSIS | intent=analysis | classification=Suspicious | confidence=0.75 | top_score=0.5349 | latency=7.21s
2026-04-28 19:52:04,670 | INFO | request_id=78370bf8 | event=chat_request_started | message_length=151 | has_files=False
2026-04-28 19:52:04,674 | INFO | request_id=78370bf8 | event=intent_detected | intent=analysis
2026-04-28 19:52:05,070 | INFO | request_id=78370bf8 | event=retrieval_completed | top_score=0.493 | threshold=0.45 | follow_up=False
2026-04-28 19:52:09,349 | INFO | request_id=78370bf8 | event=chat_answer_completed | mode=RAG_ANALYSIS | intent=analysis | classification=Safe | confidence=0.9 | top_score=0.493 | latency=4.68s
2026-04-28 20:24:49,369 | INFO | event=prometheus_enabled | endpoint=/metrics
2026-04-28 20:24:49,370 | INFO | event=sentry_not_enabled | reason=SENTRY_DSN_not_set
2026-04-28 20:24:49,370 | INFO | event=monitoring_initialized
2026-04-28 20:24:50,894 | INFO | event=embeddings_loaded | items_count=2000
2026-04-28 20:25:21,439 | INFO | request_id=c4649524 | event=chat_request_started | message_length=0 | has_files=True
2026-04-28 20:25:21,442 | INFO | request_id=c4649524 | event=file_uploaded | filename=LLMProject .docx | content_type=application/vnd.openxmlformats-officedocument.wordprocessingml.document | size_bytes=43460
2026-04-28 20:25:22,230 | INFO | request_id=c4649524 | event=file_extracted | filename=LLMProject .docx | method=python_docx | readable=True | text_length=15000 | image_pages=0
2026-04-28 20:25:29,499 | INFO | request_id=c4649524 | event=file_analysis_result | filename=LLMProject .docx | mode=FILE_TEXT_ANALYSIS | classification=Safe | confidence=0.9
2026-04-28 20:25:29,499 | INFO | request_id=c4649524 | event=file_analysis_completed | latency=8.06s | files_count=1
2026-04-28 20:28:47,619 | INFO | request_id=8ae21326 | event=chat_request_started | message_length=92 | has_files=False
2026-04-28 20:28:47,620 | INFO | request_id=8ae21326 | event=intent_detected | intent=analysis
2026-04-28 20:28:48,987 | INFO | request_id=8ae21326 | event=retrieval_completed | top_score=0.4995 | threshold=0.45 | follow_up=False
2026-04-28 20:28:57,357 | INFO | request_id=8ae21326 | event=chat_answer_completed | mode=RAG_ANALYSIS | intent=analysis | classification=Phishing | confidence=0.95 | top_score=0.4995 | latency=9.74s
2026-04-28 20:32:51,834 | INFO | event=prometheus_enabled | endpoint=/metrics
2026-04-28 20:32:51,836 | INFO | event=sentry_not_enabled | reason=SENTRY_DSN_not_set
2026-04-28 20:32:51,836 | INFO | event=monitoring_initialized
2026-04-28 20:32:54,531 | INFO | event=embeddings_loaded | items_count=2000
2026-04-28 20:33:15,396 | INFO | request_id=0e40ea9c | event=chat_request_started | message_length=130 | has_files=False
2026-04-28 20:33:15,397 | INFO | request_id=0e40ea9c | event=intent_detected | intent=analysis
2026-04-28 20:33:16,736 | INFO | request_id=0e40ea9c | event=retrieval_completed | top_score=0.5334 | threshold=0.45 | follow_up=False
2026-04-28 20:33:23,507 | INFO | request_id=0e40ea9c | event=chat_answer_completed | mode=RAG_ANALYSIS | intent=analysis | classification=Safe | confidence=0.86 | top_score=0.5334 | latency=8.11s
2026-04-28 20:33:37,315 | INFO | request_id=8822a602 | event=chat_request_started | message_length=130 | has_files=False
2026-04-28 20:33:37,316 | INFO | request_id=8822a602 | event=intent_detected | intent=analysis
2026-04-28 20:33:37,772 | INFO | request_id=8822a602 | event=retrieval_completed | top_score=0.5334 | threshold=0.45 | follow_up=False
2026-04-28 20:33:43,876 | INFO | request_id=8822a602 | event=chat_answer_completed | mode=RAG_ANALYSIS | intent=analysis | classification=Safe | confidence=0.86 | top_score=0.5334 | latency=6.56s
2026-04-28 20:48:18,399 | INFO | event=prometheus_enabled | endpoint=/metrics
2026-04-28 20:48:18,400 | INFO | event=sentry_not_enabled | reason=SENTRY_DSN_not_set
2026-04-28 20:48:18,400 | INFO | event=monitoring_initialized
2026-04-28 20:48:20,264 | INFO | event=embeddings_loaded | items_count=2000
2026-04-28 20:50:10,367 | INFO | request_id=2f30b0ed | event=chat_request_started | message_length=130 | has_files=False
2026-04-28 20:50:10,369 | INFO | request_id=2f30b0ed | event=intent_detected | intent=analysis
2026-04-28 20:50:12,777 | INFO | request_id=2f30b0ed | event=retrieval_completed | top_score=0.5332 | threshold=0.45 | follow_up=False
2026-04-28 20:50:18,912 | INFO | request_id=2f30b0ed | event=chat_answer_completed | mode=RAG_ANALYSIS | intent=analysis | classification=Safe | confidence=0.86 | top_score=0.5332 | latency=8.54s
2026-04-28 20:50:35,801 | INFO | request_id=fe952682 | event=chat_request_started | message_length=0 | has_files=True
2026-04-28 20:50:35,802 | INFO | request_id=fe952682 | event=file_uploaded | filename=Screen Shot 2026-04-25 at 9.23.54 PM.png | content_type=image/png | size_bytes=90602
2026-04-28 20:50:41,824 | INFO | request_id=fe952682 | event=file_analysis_result | filename=Screen Shot 2026-04-25 at 9.23.54 PM.png | mode=VISION_FILE_ANALYSIS | classification=Safe | confidence=0.9
2026-04-28 20:50:41,824 | INFO | request_id=fe952682 | event=file_analysis_completed | latency=6.02s | files_count=1
2026-04-28 21:04:20,780 | INFO | event=prometheus_enabled | endpoint=/metrics
2026-04-28 21:04:20,781 | INFO | event=sentry_not_enabled | reason=SENTRY_DSN_not_set
2026-04-28 21:04:20,783 | INFO | event=monitoring_initialized
2026-04-28 21:04:22,708 | INFO | event=embeddings_loaded | items_count=2000
2026-04-28 21:07:45,531 | INFO | request_id=1b7d1229 | event=chat_request_started | message_length=18 | has_files=False
2026-04-28 21:07:45,532 | INFO | request_id=1b7d1229 | event=intent_detected | intent=educational
2026-04-28 21:07:57,430 | INFO | request_id=1b7d1229 | event=educational_answer_completed | latency=11.9s | intent=educational
2026-04-28 21:09:40,620 | INFO | request_id=9dce896a | event=chat_request_started | message_length=99 | has_files=False
2026-04-28 21:09:40,620 | INFO | request_id=9dce896a | event=intent_detected | intent=analysis
2026-04-28 21:09:42,825 | INFO | request_id=9dce896a | event=retrieval_completed | top_score=0.496 | threshold=0.45 | follow_up=False
2026-04-28 21:09:49,326 | INFO | request_id=9dce896a | event=chat_answer_completed | mode=RAG_ANALYSIS | intent=analysis | classification=Phishing | confidence=0.93 | top_score=0.496 | latency=8.71s
2026-04-28 21:10:30,397 | INFO | request_id=94167b21 | event=chat_request_started | message_length=72 | has_files=False
2026-04-28 21:10:30,398 | INFO | request_id=94167b21 | event=intent_detected | intent=analysis
2026-04-28 21:10:32,475 | INFO | request_id=94167b21 | event=retrieval_completed | top_score=0.4534 | threshold=0.45 | follow_up=False
2026-04-28 21:10:42,090 | INFO | request_id=94167b21 | event=chat_answer_completed | mode=RAG_ANALYSIS | intent=analysis | classification=Phishing | confidence=0.95 | top_score=0.4534 | latency=11.69s
2026-04-28 21:11:25,824 | INFO | request_id=aa5c8921 | event=chat_request_started | message_length=45 | has_files=False
2026-04-28 21:11:25,825 | INFO | request_id=aa5c8921 | event=intent_detected | intent=analysis
2026-04-28 21:11:26,419 | INFO | request_id=aa5c8921 | event=retrieval_completed | top_score=0.4521 | threshold=0.45 | follow_up=False
2026-04-28 21:11:32,160 | INFO | request_id=aa5c8921 | event=chat_answer_completed | mode=RAG_ANALYSIS | intent=analysis | classification=Suspicious | confidence=0.75 | top_score=0.4521 | latency=6.34s
2026-04-28 21:11:58,550 | INFO | request_id=5e4364cf | event=chat_request_started | message_length=18 | has_files=False
2026-04-28 21:11:58,552 | INFO | request_id=5e4364cf | event=intent_detected | intent=educational
2026-04-28 21:12:09,603 | INFO | request_id=5e4364cf | event=educational_answer_completed | latency=11.05s | intent=educational
2026-04-28 21:15:10,389 | INFO | request_id=badf3d38 | event=chat_request_started | message_length=93 | has_files=False
2026-04-28 21:15:10,390 | INFO | request_id=badf3d38 | event=intent_detected | intent=analysis
2026-04-28 21:15:10,814 | INFO | request_id=badf3d38 | event=retrieval_completed | top_score=0.51 | threshold=0.45 | follow_up=False
2026-04-28 21:15:18,449 | INFO | request_id=badf3d38 | event=chat_answer_completed | mode=RAG_ANALYSIS | intent=analysis | classification=Phishing | confidence=0.95 | top_score=0.51 | latency=8.06s
2026-04-28 21:15:24,914 | INFO | request_id=e8b5ad79 | event=chat_request_started | message_length=18 | has_files=False
2026-04-28 21:15:24,917 | INFO | request_id=e8b5ad79 | event=intent_detected | intent=educational
2026-04-28 21:15:35,249 | INFO | request_id=e8b5ad79 | event=educational_answer_completed | latency=10.33s | intent=educational
2026-04-28 22:02:46,626 | INFO | event=prometheus_enabled | endpoint=/metrics
2026-04-28 22:02:46,627 | INFO | event=sentry_not_enabled | reason=SENTRY_DSN_not_set
2026-04-28 22:02:46,627 | INFO | event=monitoring_initialized
2026-04-28 22:02:48,181 | INFO | event=embeddings_loaded | items_count=2000
2026-04-28 22:11:37,369 | INFO | event=prometheus_enabled | endpoint=/metrics
2026-04-28 22:11:37,370 | INFO | event=sentry_not_enabled | reason=SENTRY_DSN_not_set
2026-04-28 22:11:37,370 | INFO | event=monitoring_initialized
2026-04-28 22:11:40,921 | INFO | event=embeddings_loaded | items_count=2000
2026-04-29 19:19:08,117 | INFO | event=prometheus_enabled | endpoint=/metrics
2026-04-29 19:19:08,119 | INFO | event=sentry_not_enabled | reason=SENTRY_DSN_not_set
2026-04-29 19:19:08,119 | INFO | event=monitoring_initialized
2026-04-29 19:19:12,287 | INFO | event=embeddings_loaded | items_count=2000
2026-04-29 19:24:27,068 | INFO | event=prometheus_enabled | endpoint=/metrics
2026-04-29 19:24:27,069 | INFO | event=sentry_not_enabled | reason=SENTRY_DSN_not_set
2026-04-29 19:24:27,069 | INFO | event=monitoring_initialized
2026-04-29 19:24:28,771 | INFO | event=embeddings_loaded | items_count=2000
2026-04-29 19:25:17,921 | INFO | request_id=8a8b252e | event=chat_request_started | message_length=256 | has_files=False
2026-04-29 19:25:17,922 | INFO | request_id=8a8b252e | event=intent_detected | intent=analysis
2026-04-29 19:25:21,209 | INFO | request_id=8a8b252e | event=retrieval_completed | top_score=0.6901 | threshold=0.45 | follow_up=False
2026-04-29 19:25:29,616 | INFO | request_id=8a8b252e | event=chat_answer_completed | mode=RAG_ANALYSIS | intent=analysis | classification=Phishing | confidence=0.95 | top_score=0.6901 | latency=11.7s
2026-04-29 19:25:58,120 | INFO | request_id=8a3fe7b2 | event=chat_request_started | message_length=0 | has_files=True
2026-04-29 19:25:58,121 | INFO | request_id=8a3fe7b2 | event=file_uploaded | filename=test.docx | content_type=application/vnd.openxmlformats-officedocument.wordprocessingml.document | size_bytes=12369
2026-04-29 19:25:59,016 | INFO | request_id=8a3fe7b2 | event=file_extracted | filename=test.docx | method=python_docx | readable=True | text_length=370 | image_pages=0
2026-04-29 19:25:59,018 | INFO | request_id=8a3fe7b2 | event=file_analysis_result | filename=test.docx | mode=FILE_TEXT_ANALYSIS | classification=Phishing | confidence=0.92
2026-04-29 19:25:59,018 | INFO | request_id=8a3fe7b2 | event=file_analysis_completed | latency=0.9s | files_count=1
2026-04-29 19:26:31,086 | INFO | request_id=2f44d8d3 | event=chat_request_started | message_length=0 | has_files=True
2026-04-29 19:26:31,090 | INFO | request_id=2f44d8d3 | event=file_uploaded | filename=logo-page-print.png | content_type=image/png | size_bytes=39653
2026-04-29 19:26:35,510 | INFO | request_id=2f44d8d3 | event=file_analysis_result | filename=logo-page-print.png | mode=VISION_FILE_ANALYSIS | classification=Safe | confidence=0.9
2026-04-29 19:26:35,510 | INFO | request_id=2f44d8d3 | event=file_analysis_completed | latency=4.42s | files_count=1
2026-04-29 19:38:31,819 | INFO | event=prometheus_enabled | endpoint=/metrics
2026-04-29 19:38:31,821 | INFO | event=sentry_not_enabled | reason=SENTRY_DSN_not_set
2026-04-29 19:38:31,822 | INFO | event=monitoring_initialized
2026-04-29 19:38:33,864 | INFO | event=embeddings_loaded | items_count=2000
2026-04-29 20:42:20,641 | INFO | request_id=be299226 | event=chat_request_started | message_length=124 | has_files=False
2026-04-29 20:42:20,644 | INFO | request_id=be299226 | event=intent_detected | intent=analysis
2026-04-29 20:42:24,141 | INFO | request_id=be299226 | event=retrieval_completed | top_score=0.4986 | threshold=0.45 | follow_up=False
2026-04-29 20:42:30,551 | INFO | request_id=be299226 | event=chat_answer_completed | mode=RAG_ANALYSIS | intent=analysis | classification=Safe | confidence=0.9 | top_score=0.4986 | latency=9.91s
2026-04-29 20:42:39,985 | INFO | request_id=e9df4f51 | event=chat_request_started | message_length=92 | has_files=False
2026-04-29 20:42:39,986 | INFO | request_id=e9df4f51 | event=intent_detected | intent=analysis
2026-04-29 20:42:40,338 | INFO | request_id=e9df4f51 | event=retrieval_completed | top_score=0.4995 | threshold=0.45 | follow_up=False
2026-04-29 20:42:46,670 | INFO | request_id=e9df4f51 | event=chat_answer_completed | mode=RAG_ANALYSIS | intent=analysis | classification=Phishing | confidence=0.95 | top_score=0.4995 | latency=6.68s
2026-04-29 20:42:51,863 | INFO | request_id=2e7bcd3a | event=chat_request_started | message_length=24 | has_files=False
2026-04-29 20:42:51,864 | INFO | request_id=2e7bcd3a | event=intent_detected | intent=educational
2026-04-29 20:43:06,183 | INFO | request_id=2e7bcd3a | event=educational_answer_completed | latency=14.32s | intent=educational
2026-04-29 20:43:20,774 | INFO | request_id=837d9471 | event=chat_request_started | message_length=54 | has_files=False
2026-04-29 20:43:20,775 | INFO | request_id=837d9471 | event=intent_detected | intent=analysis
2026-04-29 20:43:22,803 | INFO | request_id=837d9471 | event=retrieval_completed | top_score=0.5101 | threshold=0.45 | follow_up=False
2026-04-29 20:43:30,552 | INFO | request_id=837d9471 | event=chat_answer_completed | mode=RAG_ANALYSIS | intent=analysis | classification=Suspicious | confidence=0.75 | top_score=0.5101 | latency=9.78s
2026-04-29 20:43:54,400 | INFO | request_id=1ba05730 | event=chat_request_started | message_length=42 | has_files=False
2026-04-29 20:43:54,401 | INFO | request_id=1ba05730 | event=intent_detected | intent=analysis
2026-04-29 20:43:55,035 | INFO | request_id=1ba05730 | event=retrieval_completed | top_score=0.3272 | threshold=0.45 | follow_up=False
2026-04-29 20:44:03,962 | INFO | request_id=1ba05730 | event=chat_answer_completed | mode=LLM_ANALYSIS | intent=analysis | classification=Phishing | confidence=0.95 | top_score=0.3272 | latency=9.56s
2026-04-29 20:54:34,769 | INFO | request_id=bb020d03 | event=chat_request_started | message_length=1144 | has_files=False
2026-04-29 20:54:34,770 | INFO | request_id=bb020d03 | event=intent_detected | intent=analysis
2026-04-29 20:54:35,271 | INFO | request_id=bb020d03 | event=retrieval_completed | top_score=0.6947 | threshold=0.45 | follow_up=False
2026-04-29 20:54:40,994 | INFO | request_id=bb020d03 | event=chat_answer_completed | mode=RAG_ANALYSIS | intent=analysis | classification=Safe | confidence=0.9 | top_score=0.6947 | latency=6.23s
2026-04-29 20:54:43,052 | INFO | request_id=98c88dae | event=chat_request_started | message_length=593 | has_files=False
2026-04-29 20:54:43,052 | INFO | request_id=98c88dae | event=intent_detected | intent=analysis
2026-04-29 20:54:43,277 | INFO | request_id=98c88dae | event=retrieval_completed | top_score=0.777 | threshold=0.45 | follow_up=False
2026-04-29 20:54:49,902 | INFO | request_id=98c88dae | event=chat_answer_completed | mode=RAG_ANALYSIS | intent=analysis | classification=Safe | confidence=0.9 | top_score=0.777 | latency=6.85s
2026-04-29 20:54:52,952 | INFO | request_id=34467eee | event=chat_request_started | message_length=1359 | has_files=False
2026-04-29 20:54:52,952 | INFO | request_id=34467eee | event=intent_detected | intent=analysis
2026-04-29 20:54:53,833 | INFO | request_id=34467eee | event=retrieval_completed | top_score=0.763 | threshold=0.45 | follow_up=False
2026-04-29 20:54:58,910 | INFO | request_id=34467eee | event=chat_answer_completed | mode=RAG_ANALYSIS | intent=analysis | classification=Safe | confidence=0.9 | top_score=0.763 | latency=5.96s
2026-04-29 20:55:00,246 | INFO | request_id=1ea59950 | event=chat_request_started | message_length=737 | has_files=False
2026-04-29 20:55:00,246 | INFO | request_id=1ea59950 | event=intent_detected | intent=analysis
2026-04-29 20:55:00,451 | INFO | request_id=1ea59950 | event=retrieval_completed | top_score=0.7441 | threshold=0.45 | follow_up=False
2026-04-29 20:55:08,022 | INFO | request_id=1ea59950 | event=chat_answer_completed | mode=RAG_ANALYSIS | intent=analysis | classification=Phishing | confidence=0.94 | top_score=0.7441 | latency=7.78s
2026-04-29 20:55:09,631 | INFO | request_id=76ecf849 | event=chat_request_started | message_length=555 | has_files=False
2026-04-29 20:55:09,631 | INFO | request_id=76ecf849 | event=intent_detected | intent=analysis
2026-04-29 20:55:09,887 | INFO | request_id=76ecf849 | event=retrieval_completed | top_score=0.7075 | threshold=0.45 | follow_up=False
2026-04-29 20:55:16,009 | INFO | request_id=76ecf849 | event=chat_answer_completed | mode=RAG_ANALYSIS | intent=analysis | classification=Phishing | confidence=0.92 | top_score=0.7075 | latency=6.38s
2026-04-29 20:55:18,265 | INFO | request_id=2a1a0eb6 | event=chat_request_started | message_length=2614 | has_files=False
2026-04-29 20:55:18,266 | INFO | request_id=2a1a0eb6 | event=intent_detected | intent=analysis
2026-04-29 20:55:18,501 | INFO | request_id=2a1a0eb6 | event=retrieval_completed | top_score=0.8109 | threshold=0.45 | follow_up=False
2026-04-29 20:55:24,816 | ERROR | event=json_parse_failed | error=Invalid control character at: line 1 column 372 (char 371)
2026-04-29 20:55:24,816 | INFO | request_id=2a1a0eb6 | event=chat_answer_completed | mode=RAG_ANALYSIS | intent=analysis | classification=Suspicious | confidence=0.45 | top_score=0.8109 | latency=6.55s
2026-04-29 20:55:25,954 | INFO | request_id=f403c838 | event=chat_request_started | message_length=1016 | has_files=False
2026-04-29 20:55:25,954 | INFO | request_id=f403c838 | event=intent_detected | intent=analysis
2026-04-29 20:55:26,160 | INFO | request_id=f403c838 | event=retrieval_completed | top_score=0.6948 | threshold=0.45 | follow_up=False
2026-04-29 20:55:34,236 | INFO | request_id=f403c838 | event=chat_answer_completed | mode=RAG_ANALYSIS | intent=analysis | classification=Safe | confidence=0.9 | top_score=0.6948 | latency=8.28s
2026-04-29 20:55:35,777 | INFO | request_id=6c6a4da5 | event=chat_request_started | message_length=2614 | has_files=False
2026-04-29 20:55:35,777 | INFO | request_id=6c6a4da5 | event=intent_detected | intent=analysis
2026-04-29 20:55:35,985 | INFO | request_id=6c6a4da5 | event=retrieval_completed | top_score=0.8221 | threshold=0.45 | follow_up=False
2026-04-29 20:55:47,549 | INFO | request_id=6c6a4da5 | event=chat_answer_completed | mode=RAG_ANALYSIS | intent=analysis | classification=Phishing | confidence=0.93 | top_score=0.8221 | latency=11.77s
2026-04-29 20:55:48,784 | INFO | request_id=a38d3e4f | event=chat_request_started | message_length=727 | has_files=False
2026-04-29 20:55:48,784 | INFO | request_id=a38d3e4f | event=intent_detected | intent=analysis
2026-04-29 20:55:48,991 | INFO | request_id=a38d3e4f | event=retrieval_completed | top_score=0.7755 | threshold=0.45 | follow_up=False
2026-04-29 20:55:56,576 | INFO | request_id=a38d3e4f | event=chat_answer_completed | mode=RAG_ANALYSIS | intent=analysis | classification=Phishing | confidence=0.95 | top_score=0.7755 | latency=7.79s
2026-04-29 20:55:58,037 | INFO | request_id=adf76678 | event=chat_request_started | message_length=1936 | has_files=False
2026-04-29 20:55:58,037 | INFO | request_id=adf76678 | event=intent_detected | intent=analysis
2026-04-29 20:55:58,243 | INFO | request_id=adf76678 | event=retrieval_completed | top_score=0.7884 | threshold=0.45 | follow_up=False
2026-04-29 20:56:03,830 | INFO | request_id=adf76678 | event=chat_answer_completed | mode=RAG_ANALYSIS | intent=analysis | classification=Safe | confidence=0.9 | top_score=0.7884 | latency=5.79s
2026-04-29 20:56:05,165 | INFO | request_id=3891f6be | event=chat_request_started | message_length=1588 | has_files=False
2026-04-29 20:56:05,165 | INFO | request_id=3891f6be | event=intent_detected | intent=analysis
2026-04-29 20:56:05,378 | INFO | request_id=3891f6be | event=retrieval_completed | top_score=0.7805 | threshold=0.45 | follow_up=False
2026-04-29 20:56:13,557 | INFO | request_id=3891f6be | event=chat_answer_completed | mode=RAG_ANALYSIS | intent=analysis | classification=Phishing | confidence=0.95 | top_score=0.7805 | latency=8.39s
2026-04-29 20:56:15,047 | INFO | request_id=bd7e61cd | event=chat_request_started | message_length=262 | has_files=False
2026-04-29 20:56:15,047 | INFO | request_id=bd7e61cd | event=intent_detected | intent=analysis
2026-04-29 20:56:15,259 | INFO | request_id=bd7e61cd | event=retrieval_completed | top_score=0.6437 | threshold=0.45 | follow_up=False
2026-04-29 20:56:22,876 | INFO | request_id=bd7e61cd | event=chat_answer_completed | mode=RAG_ANALYSIS | intent=analysis | classification=Suspicious | confidence=0.72 | top_score=0.6437 | latency=7.83s
2026-04-29 20:56:24,826 | INFO | request_id=fb6cd5bc | event=chat_request_started | message_length=2613 | has_files=False
2026-04-29 20:56:24,826 | INFO | request_id=fb6cd5bc | event=intent_detected | intent=analysis
2026-04-29 20:56:25,046 | INFO | request_id=fb6cd5bc | event=retrieval_completed | top_score=0.753 | threshold=0.45 | follow_up=False
2026-04-29 20:56:31,682 | INFO | request_id=fb6cd5bc | event=chat_answer_completed | mode=RAG_ANALYSIS | intent=analysis | classification=Safe | confidence=0.9 | top_score=0.753 | latency=6.86s
2026-04-29 20:56:33,017 | INFO | request_id=1eb5f11a | event=chat_request_started | message_length=1343 | has_files=False
2026-04-29 20:56:33,017 | INFO | request_id=1eb5f11a | event=intent_detected | intent=analysis
2026-04-29 20:56:33,231 | INFO | request_id=1eb5f11a | event=retrieval_completed | top_score=0.7655 | threshold=0.45 | follow_up=False
2026-04-29 20:56:39,052 | INFO | request_id=1eb5f11a | event=chat_answer_completed | mode=RAG_ANALYSIS | intent=analysis | classification=Safe | confidence=0.9 | top_score=0.7655 | latency=6.03s
2026-04-29 20:56:40,697 | INFO | request_id=9b91c676 | event=chat_request_started | message_length=2614 | has_files=False
2026-04-29 20:56:40,697 | INFO | request_id=9b91c676 | event=intent_detected | intent=analysis
2026-04-29 20:56:40,921 | INFO | request_id=9b91c676 | event=retrieval_completed | top_score=0.8334 | threshold=0.45 | follow_up=False
2026-04-29 20:56:47,849 | INFO | request_id=9b91c676 | event=chat_answer_completed | mode=RAG_ANALYSIS | intent=analysis | classification=Safe | confidence=0.9 | top_score=0.8334 | latency=7.15s
2026-04-29 20:56:49,504 | INFO | request_id=95315ff8 | event=chat_request_started | message_length=370 | has_files=False
2026-04-29 20:56:49,504 | INFO | request_id=95315ff8 | event=intent_detected | intent=analysis
2026-04-29 20:56:49,725 | INFO | request_id=95315ff8 | event=retrieval_completed | top_score=0.742 | threshold=0.45 | follow_up=False
2026-04-29 20:56:58,399 | INFO | request_id=95315ff8 | event=chat_answer_completed | mode=RAG_ANALYSIS | intent=analysis | classification=Phishing | confidence=0.95 | top_score=0.742 | latency=8.89s
2026-04-29 20:56:59,865 | INFO | request_id=96afb105 | event=chat_request_started | message_length=829 | has_files=False
2026-04-29 20:56:59,865 | INFO | request_id=96afb105 | event=intent_detected | intent=analysis
2026-04-29 20:57:00,066 | INFO | request_id=96afb105 | event=retrieval_completed | top_score=0.7408 | threshold=0.45 | follow_up=False
2026-04-29 20:57:08,658 | INFO | request_id=96afb105 | event=chat_answer_completed | mode=RAG_ANALYSIS | intent=analysis | classification=Phishing | confidence=0.95 | top_score=0.7408 | latency=8.79s
2026-04-29 20:57:10,270 | INFO | request_id=e79a6cd8 | event=chat_request_started | message_length=1126 | has_files=False
2026-04-29 20:57:10,270 | INFO | request_id=e79a6cd8 | event=intent_detected | intent=analysis
2026-04-29 20:57:11,158 | INFO | request_id=e79a6cd8 | event=retrieval_completed | top_score=0.7608 | threshold=0.45 | follow_up=False
2026-04-29 20:57:20,484 | INFO | request_id=e79a6cd8 | event=chat_answer_completed | mode=RAG_ANALYSIS | intent=analysis | classification=Phishing | confidence=0.93 | top_score=0.7608 | latency=10.21s
2026-04-29 20:57:21,862 | INFO | request_id=ae2380b9 | event=chat_request_started | message_length=992 | has_files=False
2026-04-29 20:57:21,862 | INFO | request_id=ae2380b9 | event=intent_detected | intent=analysis
2026-04-29 20:57:22,064 | INFO | request_id=ae2380b9 | event=retrieval_completed | top_score=0.7449 | threshold=0.45 | follow_up=False
2026-04-29 20:57:30,685 | INFO | request_id=ae2380b9 | event=chat_answer_completed | mode=RAG_ANALYSIS | intent=analysis | classification=Phishing | confidence=0.95 | top_score=0.7449 | latency=8.82s
2026-04-29 20:57:31,897 | INFO | request_id=01357f71 | event=chat_request_started | message_length=1159 | has_files=False
2026-04-29 20:57:31,897 | INFO | request_id=01357f71 | event=intent_detected | intent=analysis
2026-04-29 20:57:32,157 | INFO | request_id=01357f71 | event=retrieval_completed | top_score=0.7493 | threshold=0.45 | follow_up=False
2026-04-29 20:57:39,473 | INFO | request_id=01357f71 | event=chat_answer_completed | mode=RAG_ANALYSIS | intent=analysis | classification=Phishing | confidence=0.93 | top_score=0.7493 | latency=7.58s
2026-04-29 20:57:40,749 | INFO | request_id=113b350f | event=chat_request_started | message_length=1144 | has_files=False
2026-04-29 20:57:40,749 | INFO | request_id=113b350f | event=intent_detected | intent=analysis
2026-04-29 20:57:41,017 | INFO | request_id=113b350f | event=retrieval_completed | top_score=0.6947 | threshold=0.45 | follow_up=False
2026-04-29 20:57:45,690 | INFO | request_id=113b350f | event=chat_answer_completed | mode=RAG_ANALYSIS | intent=analysis | classification=Safe | confidence=0.9 | top_score=0.6947 | latency=4.94s
2026-04-29 20:57:46,542 | INFO | request_id=732d5644 | event=chat_request_started | message_length=593 | has_files=False
2026-04-29 20:57:46,542 | INFO | request_id=732d5644 | event=intent_detected | intent=analysis
2026-04-29 20:57:46,751 | INFO | request_id=732d5644 | event=retrieval_completed | top_score=0.777 | threshold=0.45 | follow_up=False
2026-04-29 20:57:51,759 | INFO | request_id=732d5644 | event=chat_answer_completed | mode=RAG_ANALYSIS | intent=analysis | classification=Safe | confidence=0.9 | top_score=0.777 | latency=5.22s
2026-04-29 20:57:53,081 | INFO | request_id=495ac5fb | event=chat_request_started | message_length=1359 | has_files=False
2026-04-29 20:57:53,081 | INFO | request_id=495ac5fb | event=intent_detected | intent=analysis
2026-04-29 20:57:53,405 | INFO | request_id=495ac5fb | event=retrieval_completed | top_score=0.7628 | threshold=0.45 | follow_up=False
2026-04-29 20:57:59,336 | INFO | request_id=495ac5fb | event=chat_answer_completed | mode=RAG_ANALYSIS | intent=analysis | classification=Safe | confidence=0.9 | top_score=0.7628 | latency=6.26s
2026-04-29 20:58:00,468 | INFO | request_id=80f42632 | event=chat_request_started | message_length=737 | has_files=False
2026-04-29 20:58:00,468 | INFO | request_id=80f42632 | event=intent_detected | intent=analysis
2026-04-29 20:58:00,676 | INFO | request_id=80f42632 | event=retrieval_completed | top_score=0.7441 | threshold=0.45 | follow_up=False
2026-04-29 20:58:09,167 | INFO | request_id=80f42632 | event=chat_answer_completed | mode=RAG_ANALYSIS | intent=analysis | classification=Phishing | confidence=0.95 | top_score=0.7441 | latency=8.7s
2026-04-29 20:58:10,399 | INFO | request_id=4f385a83 | event=chat_request_started | message_length=555 | has_files=False
2026-04-29 20:58:10,400 | INFO | request_id=4f385a83 | event=intent_detected | intent=analysis
2026-04-29 20:58:10,589 | INFO | request_id=4f385a83 | event=retrieval_completed | top_score=0.7074 | threshold=0.45 | follow_up=False
2026-04-29 20:58:17,564 | INFO | request_id=4f385a83 | event=chat_answer_completed | mode=RAG_ANALYSIS | intent=analysis | classification=Phishing | confidence=0.9 | top_score=0.7074 | latency=7.16s
2026-04-29 20:58:18,695 | INFO | request_id=a9b7cf92 | event=chat_request_started | message_length=2614 | has_files=False
2026-04-29 20:58:18,695 | INFO | request_id=a9b7cf92 | event=intent_detected | intent=analysis
2026-04-29 20:58:18,902 | INFO | request_id=a9b7cf92 | event=retrieval_completed | top_score=0.8109 | threshold=0.45 | follow_up=False
2026-04-29 20:58:25,858 | ERROR | event=json_parse_failed | error=Invalid control character at: line 7 column 36 (char 387)
2026-04-29 20:58:25,858 | INFO | request_id=a9b7cf92 | event=chat_answer_completed | mode=RAG_ANALYSIS | intent=analysis | classification=Suspicious | confidence=0.45 | top_score=0.8109 | latency=7.16s
2026-04-29 20:58:26,924 | INFO | request_id=0611eb34 | event=chat_request_started | message_length=1016 | has_files=False
2026-04-29 20:58:26,924 | INFO | request_id=0611eb34 | event=intent_detected | intent=analysis
2026-04-29 20:58:27,418 | INFO | request_id=0611eb34 | event=retrieval_completed | top_score=0.6948 | threshold=0.45 | follow_up=False
2026-04-29 20:58:33,231 | INFO | request_id=0611eb34 | event=chat_answer_completed | mode=RAG_ANALYSIS | intent=analysis | classification=Safe | confidence=0.9 | top_score=0.6948 | latency=6.31s
2026-04-29 20:58:34,258 | INFO | request_id=c2ca08a0 | event=chat_request_started | message_length=2614 | has_files=False
2026-04-29 20:58:34,258 | INFO | request_id=c2ca08a0 | event=intent_detected | intent=analysis
2026-04-29 20:58:34,457 | INFO | request_id=c2ca08a0 | event=retrieval_completed | top_score=0.8222 | threshold=0.45 | follow_up=False
2026-04-29 20:58:46,045 | INFO | request_id=c2ca08a0 | event=chat_answer_completed | mode=RAG_ANALYSIS | intent=analysis | classification=Phishing | confidence=0.93 | top_score=0.8222 | latency=11.79s
2026-04-29 20:58:47,039 | INFO | request_id=b18d99bb | event=chat_request_started | message_length=727 | has_files=False
2026-04-29 20:58:47,040 | INFO | request_id=b18d99bb | event=intent_detected | intent=analysis
2026-04-29 20:58:47,253 | INFO | request_id=b18d99bb | event=retrieval_completed | top_score=0.7755 | threshold=0.45 | follow_up=False
2026-04-29 20:58:54,303 | INFO | request_id=b18d99bb | event=chat_answer_completed | mode=RAG_ANALYSIS | intent=analysis | classification=Phishing | confidence=0.95 | top_score=0.7755 | latency=7.26s
2026-04-29 20:58:55,559 | INFO | request_id=714ef100 | event=chat_request_started | message_length=1936 | has_files=False
2026-04-29 20:58:55,559 | INFO | request_id=714ef100 | event=intent_detected | intent=analysis
2026-04-29 20:58:55,753 | INFO | request_id=714ef100 | event=retrieval_completed | top_score=0.7884 | threshold=0.45 | follow_up=False
2026-04-29 20:59:03,234 | INFO | request_id=714ef100 | event=chat_answer_completed | mode=RAG_ANALYSIS | intent=analysis | classification=Safe | confidence=0.9 | top_score=0.7884 | latency=7.67s
2026-04-29 20:59:04,569 | INFO | request_id=84e74938 | event=chat_request_started | message_length=1588 | has_files=False
2026-04-29 20:59:04,569 | INFO | request_id=84e74938 | event=intent_detected | intent=analysis
2026-04-29 20:59:04,786 | INFO | request_id=84e74938 | event=retrieval_completed | top_score=0.7805 | threshold=0.45 | follow_up=False
2026-04-29 20:59:14,088 | INFO | request_id=84e74938 | event=chat_answer_completed | mode=RAG_ANALYSIS | intent=analysis | classification=Phishing | confidence=0.95 | top_score=0.7805 | latency=9.52s
2026-04-29 20:59:15,322 | INFO | request_id=a2585006 | event=chat_request_started | message_length=262 | has_files=False
2026-04-29 20:59:15,322 | INFO | request_id=a2585006 | event=intent_detected | intent=analysis
2026-04-29 20:59:15,517 | INFO | request_id=a2585006 | event=retrieval_completed | top_score=0.6437 | threshold=0.45 | follow_up=False
2026-04-29 20:59:24,637 | INFO | request_id=a2585006 | event=chat_answer_completed | mode=RAG_ANALYSIS | intent=analysis | classification=Suspicious | confidence=0.68 | top_score=0.6437 | latency=9.32s
2026-04-29 20:59:25,764 | INFO | request_id=20588a1e | event=chat_request_started | message_length=2613 | has_files=False
2026-04-29 20:59:25,764 | INFO | request_id=20588a1e | event=intent_detected | intent=analysis
2026-04-29 20:59:25,985 | INFO | request_id=20588a1e | event=retrieval_completed | top_score=0.753 | threshold=0.45 | follow_up=False
2026-04-29 20:59:32,418 | INFO | request_id=20588a1e | event=chat_answer_completed | mode=RAG_ANALYSIS | intent=analysis | classification=Safe | confidence=0.9 | top_score=0.753 | latency=6.65s
2026-04-29 20:59:33,446 | INFO | request_id=b88b2546 | event=chat_request_started | message_length=1343 | has_files=False
2026-04-29 20:59:33,446 | INFO | request_id=b88b2546 | event=intent_detected | intent=analysis
2026-04-29 20:59:33,667 | INFO | request_id=b88b2546 | event=retrieval_completed | top_score=0.7655 | threshold=0.45 | follow_up=False
2026-04-29 20:59:38,050 | INFO | request_id=b88b2546 | event=chat_answer_completed | mode=RAG_ANALYSIS | intent=analysis | classification=Safe | confidence=0.9 | top_score=0.7655 | latency=4.6s
2026-04-29 20:59:39,385 | INFO | request_id=0c1a8308 | event=chat_request_started | message_length=2614 | has_files=False
2026-04-29 20:59:39,385 | INFO | request_id=0c1a8308 | event=intent_detected | intent=analysis
2026-04-29 20:59:40,267 | INFO | request_id=0c1a8308 | event=retrieval_completed | top_score=0.8334 | threshold=0.45 | follow_up=False
2026-04-29 20:59:46,652 | INFO | request_id=0c1a8308 | event=chat_answer_completed | mode=RAG_ANALYSIS | intent=analysis | classification=Safe | confidence=0.9 | top_score=0.8334 | latency=7.27s
2026-04-29 20:59:47,668 | INFO | request_id=4060c88c | event=chat_request_started | message_length=370 | has_files=False
2026-04-29 20:59:47,668 | INFO | request_id=4060c88c | event=intent_detected | intent=analysis
2026-04-29 20:59:47,857 | INFO | request_id=4060c88c | event=retrieval_completed | top_score=0.742 | threshold=0.45 | follow_up=False
2026-04-29 20:59:55,458 | INFO | request_id=4060c88c | event=chat_answer_completed | mode=RAG_ANALYSIS | intent=analysis | classification=Phishing | confidence=0.95 | top_score=0.742 | latency=7.79s
2026-04-29 20:59:56,589 | INFO | request_id=4822e9c5 | event=chat_request_started | message_length=829 | has_files=False
2026-04-29 20:59:56,589 | INFO | request_id=4822e9c5 | event=intent_detected | intent=analysis
2026-04-29 20:59:57,537 | INFO | request_id=4822e9c5 | event=retrieval_completed | top_score=0.7408 | threshold=0.45 | follow_up=False
2026-04-29 21:00:05,596 | INFO | request_id=4822e9c5 | event=chat_answer_completed | mode=RAG_ANALYSIS | intent=analysis | classification=Phishing | confidence=0.95 | top_score=0.7408 | latency=9.01s
2026-04-29 21:00:06,619 | INFO | request_id=2efdfdb6 | event=chat_request_started | message_length=1126 | has_files=False
2026-04-29 21:00:06,620 | INFO | request_id=2efdfdb6 | event=intent_detected | intent=analysis
2026-04-29 21:00:07,038 | INFO | request_id=2efdfdb6 | event=retrieval_completed | top_score=0.7608 | threshold=0.45 | follow_up=False
2026-04-29 21:00:15,224 | INFO | request_id=2efdfdb6 | event=chat_answer_completed | mode=RAG_ANALYSIS | intent=analysis | classification=Phishing | confidence=0.92 | top_score=0.7608 | latency=8.6s
2026-04-29 21:00:16,453 | INFO | request_id=21f2cc52 | event=chat_request_started | message_length=992 | has_files=False
2026-04-29 21:00:16,454 | INFO | request_id=21f2cc52 | event=intent_detected | intent=analysis
2026-04-29 21:00:16,663 | INFO | request_id=21f2cc52 | event=retrieval_completed | top_score=0.7449 | threshold=0.45 | follow_up=False
2026-04-29 21:00:25,256 | INFO | request_id=21f2cc52 | event=chat_answer_completed | mode=RAG_ANALYSIS | intent=analysis | classification=Phishing | confidence=0.95 | top_score=0.7449 | latency=8.8s
2026-04-29 21:00:26,587 | INFO | request_id=a73fe18b | event=chat_request_started | message_length=1159 | has_files=False
2026-04-29 21:00:26,587 | INFO | request_id=a73fe18b | event=intent_detected | intent=analysis
2026-04-29 21:00:26,788 | INFO | request_id=a73fe18b | event=retrieval_completed | top_score=0.7493 | threshold=0.45 | follow_up=False
2026-04-29 21:00:34,472 | INFO | request_id=a73fe18b | event=chat_answer_completed | mode=RAG_ANALYSIS | intent=analysis | classification=Phishing | confidence=0.88 | top_score=0.7493 | latency=7.89s
2026-04-29 21:04:24,473 | INFO | request_id=9ca9beb8 | event=chat_request_started | message_length=77 | has_files=False
2026-04-29 21:04:24,477 | INFO | request_id=9ca9beb8 | event=intent_detected | intent=educational
2026-04-29 21:04:34,095 | INFO | request_id=9ca9beb8 | event=educational_answer_completed | latency=9.62s | intent=educational
2026-04-29 21:04:51,901 | INFO | request_id=5f3e9e46 | event=chat_request_started | message_length=91 | has_files=False
2026-04-29 21:04:51,903 | INFO | request_id=5f3e9e46 | event=intent_detected | intent=analysis
2026-04-29 21:04:52,284 | INFO | request_id=5f3e9e46 | event=retrieval_completed | top_score=0.6152 | threshold=0.45 | follow_up=False
2026-04-29 21:04:58,766 | INFO | request_id=5f3e9e46 | event=chat_answer_completed | mode=RAG_ANALYSIS | intent=analysis | classification=Phishing | confidence=0.95 | top_score=0.6152 | latency=6.86s
2026-04-29 21:06:46,357 | INFO | request_id=a70d8025 | event=chat_request_started | message_length=63 | has_files=False
2026-04-29 21:06:46,358 | INFO | request_id=a70d8025 | event=intent_detected | intent=educational
2026-04-29 21:06:55,311 | INFO | request_id=a70d8025 | event=educational_answer_completed | latency=8.95s | intent=educational
2026-04-29 21:07:02,265 | INFO | request_id=11d13073 | event=chat_request_started | message_length=53 | has_files=False
2026-04-29 21:07:02,268 | INFO | request_id=11d13073 | event=intent_detected | intent=educational
2026-04-29 21:07:12,003 | INFO | request_id=11d13073 | event=educational_answer_completed | latency=9.74s | intent=educational
2026-04-29 21:07:26,463 | INFO | request_id=e6ccc1a8 | event=chat_request_started | message_length=64 | has_files=False
2026-04-29 21:07:26,463 | INFO | request_id=e6ccc1a8 | event=intent_detected | intent=educational
2026-04-30 19:14:50,272 | INFO | event=prometheus_enabled | endpoint=/metrics
2026-04-30 19:14:50,273 | INFO | event=sentry_not_enabled | reason=SENTRY_DSN_not_set
2026-04-30 19:14:50,274 | INFO | event=monitoring_initialized
2026-04-30 19:14:52,965 | INFO | event=embeddings_loaded | items_count=2000
2026-04-30 19:52:57,799 | INFO | request_id=7f7ce32a | event=chat_request_started | message_length=65 | has_files=False
2026-04-30 19:52:57,801 | INFO | request_id=7f7ce32a | event=intent_detected | intent=educational
2026-04-30 19:53:09,679 | INFO | request_id=7f7ce32a | event=educational_answer_completed | latency=11.88s | intent=educational
2026-04-30 20:00:07,358 | INFO | event=prometheus_enabled | endpoint=/metrics
2026-04-30 20:00:07,359 | INFO | event=sentry_not_enabled | reason=SENTRY_DSN_not_set
2026-04-30 20:00:07,360 | INFO | event=monitoring_initialized
2026-04-30 20:00:09,733 | INFO | event=embeddings_loaded | items_count=2000
2026-04-30 20:02:53,839 | INFO | event=prometheus_enabled | endpoint=/metrics
2026-04-30 20:02:53,840 | INFO | event=sentry_not_enabled | reason=SENTRY_DSN_not_set
2026-04-30 20:02:53,840 | INFO | event=monitoring_initialized
2026-04-30 20:02:56,803 | INFO | event=embeddings_loaded | items_count=2000
2026-04-30 20:08:17,019 | INFO | event=prometheus_enabled | endpoint=/metrics
2026-04-30 20:08:17,021 | INFO | event=sentry_not_enabled | reason=SENTRY_DSN_not_set
2026-04-30 20:08:17,022 | INFO | event=monitoring_initialized
2026-04-30 20:08:20,046 | INFO | event=embeddings_loaded | items_count=2000
2026-04-30 20:08:51,375 | INFO | request_id=feb25304 | event=chat_request_started | message_length=65 | has_files=False
2026-04-30 20:08:51,377 | INFO | request_id=feb25304 | event=intent_detected | intent=educational
2026-04-30 20:12:11,305 | INFO | event=prometheus_enabled | endpoint=/metrics
2026-04-30 20:12:11,306 | INFO | event=sentry_not_enabled | reason=SENTRY_DSN_not_set
2026-04-30 20:12:11,306 | INFO | event=monitoring_initialized
2026-04-30 20:12:12,670 | INFO | event=embeddings_loaded | items_count=2000
2026-04-30 20:12:38,511 | INFO | request_id=90485d6b | event=chat_request_started | message_length=65 | has_files=False
2026-04-30 20:12:38,516 | INFO | request_id=90485d6b | event=intent_detected | intent=educational
2026-04-30 20:12:46,195 | INFO | request_id=90485d6b | event=educational_answer_completed | latency=7.7s | intent=educational
2026-04-30 20:13:13,862 | INFO | request_id=da75f810 | event=chat_request_started | message_length=92 | has_files=False
2026-04-30 20:13:13,879 | INFO | request_id=da75f810 | event=intent_detected | intent=analysis
2026-04-30 20:13:16,189 | INFO | request_id=da75f810 | event=retrieval_completed | top_score=0.6232 | threshold=0.45 | follow_up=False
2026-04-30 20:13:23,327 | INFO | request_id=da75f810 | event=chat_answer_completed | mode=RAG_ANALYSIS | intent=analysis | classification=Phishing | confidence=0.95 | top_score=0.6232 | latency=9.47s
2026-04-30 20:18:22,056 | INFO | event=prometheus_enabled | endpoint=/metrics
2026-04-30 20:18:22,056 | INFO | event=sentry_not_enabled | reason=SENTRY_DSN_not_set
2026-04-30 20:18:22,056 | INFO | event=monitoring_initialized
2026-04-30 20:18:23,681 | INFO | event=embeddings_loaded | items_count=2000
2026-04-30 20:24:20,159 | INFO | event=prometheus_enabled | endpoint=/metrics
2026-04-30 20:24:20,160 | INFO | event=sentry_not_enabled | reason=SENTRY_DSN_not_set
2026-04-30 20:24:20,160 | INFO | event=monitoring_initialized
2026-04-30 20:24:22,641 | INFO | event=embeddings_loaded | items_count=2000
2026-04-30 20:26:05,191 | INFO | request_id=8493e5ff | event=chat_request_started | message_length=92 | has_files=False
2026-04-30 20:26:05,194 | INFO | request_id=8493e5ff | event=intent_detected | intent=analysis
2026-04-30 20:26:06,888 | INFO | request_id=8493e5ff | event=retrieval_completed | top_score=0.6232 | threshold=0.45 | follow_up=False
2026-04-30 20:26:12,934 | INFO | request_id=8493e5ff | event=chat_answer_completed | mode=RAG_ANALYSIS | intent=analysis | classification=Phishing | confidence=0.95 | top_score=0.6232 | latency=7.74s
2026-04-30 20:27:18,984 | INFO | event=prometheus_enabled | endpoint=/metrics
2026-04-30 20:27:18,985 | INFO | event=sentry_not_enabled | reason=SENTRY_DSN_not_set
2026-04-30 20:27:18,985 | INFO | event=monitoring_initialized
2026-04-30 20:27:20,797 | INFO | event=embeddings_loaded | items_count=2000
2026-04-30 20:28:18,726 | INFO | request_id=5048684a | event=chat_request_started | message_length=48 | has_files=False
2026-04-30 20:28:18,727 | INFO | request_id=5048684a | event=intent_detected | intent=analysis
2026-04-30 20:28:20,966 | INFO | request_id=5048684a | event=retrieval_completed | top_score=0.5198 | threshold=0.45 | follow_up=True
2026-04-30 20:28:27,773 | INFO | request_id=5048684a | event=chat_answer_completed | mode=RAG_ANALYSIS | intent=analysis | classification=Suspicious | confidence=0.75 | top_score=0.5198 | latency=9.05s
2026-04-30 20:33:34,803 | INFO | event=prometheus_enabled | endpoint=/metrics
2026-04-30 20:33:34,804 | INFO | event=sentry_not_enabled | reason=SENTRY_DSN_not_set
2026-04-30 20:33:34,804 | INFO | event=monitoring_initialized
2026-04-30 20:33:36,950 | INFO | event=embeddings_loaded | items_count=2000
2026-04-30 20:34:07,828 | INFO | request_id=e79fd710 | event=chat_request_started | message_length=49 | has_files=False
2026-04-30 20:34:07,829 | INFO | request_id=e79fd710 | event=intent_detected | intent=analysis
2026-04-30 20:34:09,123 | INFO | request_id=e79fd710 | event=retrieval_completed | top_score=0.4679 | threshold=0.45 | follow_up=True
2026-04-30 20:34:13,827 | INFO | request_id=e79fd710 | event=chat_answer_completed | mode=RAG_ANALYSIS | intent=analysis | classification=Suspicious | confidence=0.75 | top_score=0.4679 | latency=6.0s
2026-04-30 20:42:54,887 | INFO | event=prometheus_enabled | endpoint=/metrics
2026-04-30 20:42:54,889 | INFO | event=sentry_not_enabled | reason=SENTRY_DSN_not_set
2026-04-30 20:42:54,889 | INFO | event=monitoring_initialized
2026-04-30 20:42:58,015 | INFO | event=embeddings_loaded | items_count=2000
2026-04-30 20:43:18,685 | INFO | request_id=11ee63dd | event=chat_request_started | message_length=49 | has_files=False
2026-04-30 20:43:18,686 | INFO | request_id=11ee63dd | event=intent_detected | intent=analysis
2026-04-30 20:43:21,535 | INFO | request_id=11ee63dd | event=retrieval_completed | top_score=0.4679 | threshold=0.45 | follow_up=True
2026-04-30 20:43:26,703 | INFO | request_id=11ee63dd | event=chat_answer_completed | mode=RAG_ANALYSIS | intent=analysis | classification=Suspicious | confidence=0.75 | top_score=0.4679 | latency=8.02s
2026-04-30 20:43:41,810 | INFO | request_id=70851e50 | event=chat_request_started | message_length=124 | has_files=False
2026-04-30 20:43:41,811 | INFO | request_id=70851e50 | event=intent_detected | intent=analysis
2026-04-30 20:43:43,347 | INFO | request_id=70851e50 | event=retrieval_completed | top_score=0.5094 | threshold=0.45 | follow_up=False
2026-04-30 20:43:53,848 | INFO | request_id=70851e50 | event=chat_answer_completed | mode=RAG_ANALYSIS | intent=analysis | classification=Safe | confidence=0.9 | top_score=0.5094 | latency=12.04s
2026-04-30 20:45:52,326 | INFO | request_id=585d8578 | event=chat_request_started | message_length=0 | has_files=True
2026-04-30 20:45:52,329 | INFO | request_id=585d8578 | event=file_uploaded | filename=guyon03a.pdf | content_type=application/pdf | size_bytes=1307154
2026-04-30 20:45:55,222 | INFO | request_id=585d8578 | event=file_extracted | filename=guyon03a.pdf | method=pypdf | readable=True | text_length=15000 | image_pages=0
2026-04-30 20:45:59,370 | INFO | request_id=585d8578 | event=file_analysis_result | filename=guyon03a.pdf | mode=FILE_TEXT_ANALYSIS | classification=Safe | confidence=0.9
2026-04-30 20:45:59,371 | INFO | request_id=585d8578 | event=file_analysis_completed | latency=7.05s | files_count=1
2026-04-30 20:47:59,362 | INFO | request_id=6059adf8 | event=chat_request_started | message_length=0 | has_files=True
2026-04-30 20:47:59,371 | INFO | request_id=6059adf8 | event=file_uploaded | filename=Assignment 1LLm.docx | content_type=application/vnd.openxmlformats-officedocument.wordprocessingml.document | size_bytes=104306
2026-04-30 20:48:00,314 | INFO | request_id=6059adf8 | event=file_extracted | filename=Assignment 1LLm.docx | method=python_docx | readable=True | text_length=15000 | image_pages=0
2026-04-30 20:48:05,116 | INFO | request_id=6059adf8 | event=file_analysis_result | filename=Assignment 1LLm.docx | mode=FILE_TEXT_ANALYSIS | classification=Safe | confidence=0.9
2026-04-30 20:48:05,117 | INFO | request_id=6059adf8 | event=file_analysis_completed | latency=5.76s | files_count=1
2026-04-30 20:50:55,559 | INFO | request_id=69a7c622 | event=chat_request_started | message_length=0 | has_files=True
2026-04-30 20:50:55,560 | INFO | request_id=69a7c622 | event=file_uploaded | filename=مستند .docx | content_type=application/vnd.openxmlformats-officedocument.wordprocessingml.document | size_bytes=12184
2026-04-30 20:50:55,572 | INFO | request_id=69a7c622 | event=file_extracted | filename=مستند .docx | method=python_docx | readable=True | text_length=39 | image_pages=0
2026-04-30 20:50:59,812 | INFO | request_id=69a7c622 | event=file_analysis_result | filename=مستند .docx | mode=FILE_TEXT_ANALYSIS | classification=Safe | confidence=0.9
2026-04-30 20:50:59,813 | INFO | request_id=69a7c622 | event=file_analysis_completed | latency=4.25s | files_count=1
2026-04-30 20:52:02,689 | INFO | request_id=535a254c | event=chat_request_started | message_length=0 | has_files=True
2026-04-30 20:52:02,690 | INFO | request_id=535a254c | event=file_uploaded | filename=test.docx | content_type=application/vnd.openxmlformats-officedocument.wordprocessingml.document | size_bytes=12369
2026-04-30 20:52:02,733 | INFO | request_id=535a254c | event=file_extracted | filename=test.docx | method=python_docx | readable=True | text_length=370 | image_pages=0
2026-04-30 20:52:02,735 | INFO | request_id=535a254c | event=file_analysis_result | filename=test.docx | mode=FILE_TEXT_ANALYSIS | classification=Phishing | confidence=0.92
2026-04-30 20:52:02,735 | INFO | request_id=535a254c | event=file_analysis_completed | latency=0.05s | files_count=1
2026-04-30 20:53:10,412 | INFO | request_id=24dd6bd1 | event=chat_request_started | message_length=0 | has_files=True
2026-04-30 20:53:10,413 | INFO | request_id=24dd6bd1 | event=file_uploaded | filename=مستند .docx | content_type=application/vnd.openxmlformats-officedocument.wordprocessingml.document | size_bytes=12609
2026-04-30 20:53:10,432 | INFO | request_id=24dd6bd1 | event=file_extracted | filename=مستند .docx | method=python_docx | readable=True | text_length=207 | image_pages=0
2026-04-30 20:53:10,435 | INFO | request_id=24dd6bd1 | event=file_analysis_result | filename=مستند .docx | mode=FILE_TEXT_ANALYSIS | classification=Phishing | confidence=0.88
2026-04-30 20:53:10,436 | INFO | request_id=24dd6bd1 | event=file_analysis_completed | latency=0.02s | files_count=1
2026-04-30 21:16:56,352 | INFO | event=prometheus_enabled | endpoint=/metrics
2026-04-30 21:16:56,354 | INFO | event=sentry_not_enabled | reason=SENTRY_DSN_not_set
2026-04-30 21:16:56,354 | INFO | event=monitoring_initialized
2026-04-30 21:16:59,499 | INFO | event=embeddings_loaded | items_count=2000
2026-04-30 21:17:59,861 | INFO | request_id=131d532c | event=chat_request_started | message_length=0 | has_files=True
2026-04-30 21:17:59,863 | INFO | request_id=131d532c | event=file_uploaded | filename=LLMProject .docx | content_type=application/vnd.openxmlformats-officedocument.wordprocessingml.document | size_bytes=43460
2026-04-30 21:17:59,866 | INFO | request_id=131d532c | event=static_file_safety_checked | filename=LLMProject .docx | classification=Suspicious | severity=1 | flags_count=1
2026-04-30 21:18:00,572 | INFO | request_id=131d532c | event=file_extracted | filename=LLMProject .docx | method=python_docx | readable=True | text_length=15000 | image_pages=0
2026-04-30 21:18:11,368 | INFO | request_id=131d532c | event=file_analysis_result | filename=LLMProject .docx | mode=FILE_TEXT_ANALYSIS | classification=Suspicious | confidence=0.75
2026-04-30 21:18:11,368 | INFO | request_id=131d532c | event=file_analysis_completed | latency=11.51s | files_count=1
2026-04-30 21:21:59,785 | INFO | event=prometheus_enabled | endpoint=/metrics
2026-04-30 21:21:59,787 | INFO | event=sentry_not_enabled | reason=SENTRY_DSN_not_set
2026-04-30 21:21:59,787 | INFO | event=monitoring_initialized
2026-04-30 21:22:02,515 | INFO | event=embeddings_loaded | items_count=2000
2026-04-30 21:25:51,383 | INFO | event=prometheus_enabled | endpoint=/metrics
2026-04-30 21:25:51,384 | INFO | event=sentry_not_enabled | reason=SENTRY_DSN_not_set
2026-04-30 21:25:51,384 | INFO | event=monitoring_initialized
2026-04-30 21:25:53,874 | INFO | event=embeddings_loaded | items_count=2000
2026-04-30 21:27:02,622 | INFO | event=prometheus_enabled | endpoint=/metrics
2026-04-30 21:27:02,623 | INFO | event=sentry_not_enabled | reason=SENTRY_DSN_not_set
2026-04-30 21:27:02,623 | INFO | event=monitoring_initialized
2026-04-30 21:27:03,934 | INFO | event=embeddings_loaded | items_count=2000
2026-04-30 21:32:55,987 | INFO | event=prometheus_enabled | endpoint=/metrics
2026-04-30 21:32:55,988 | INFO | event=sentry_not_enabled | reason=SENTRY_DSN_not_set
2026-04-30 21:32:55,988 | INFO | event=monitoring_initialized
2026-04-30 21:32:57,352 | INFO | event=embeddings_loaded | items_count=2000
2026-04-30 21:39:22,598 | INFO | event=prometheus_enabled | endpoint=/metrics
2026-04-30 21:39:22,600 | INFO | event=sentry_not_enabled | reason=SENTRY_DSN_not_set
2026-04-30 21:39:22,600 | INFO | event=monitoring_initialized
2026-04-30 21:39:25,380 | INFO | event=embeddings_loaded | items_count=2000
2026-04-30 21:40:22,971 | INFO | event=prometheus_enabled | endpoint=/metrics
2026-04-30 21:40:22,972 | INFO | event=sentry_not_enabled | reason=SENTRY_DSN_not_set
2026-04-30 21:40:22,973 | INFO | event=monitoring_initialized
2026-04-30 21:40:24,513 | INFO | event=embeddings_loaded | items_count=2000
2026-04-30 21:49:47,351 | INFO | event=prometheus_enabled | endpoint=/metrics
2026-04-30 21:49:47,352 | INFO | event=sentry_not_enabled | reason=SENTRY_DSN_not_set
2026-04-30 21:49:47,353 | INFO | event=monitoring_initialized
2026-04-30 21:49:50,466 | INFO | event=embeddings_loaded | items_count=2000
2026-04-30 21:53:45,412 | INFO | event=prometheus_enabled | endpoint=/metrics
2026-04-30 21:53:45,413 | INFO | event=sentry_not_enabled | reason=SENTRY_DSN_not_set
2026-04-30 21:53:45,413 | INFO | event=monitoring_initialized
2026-04-30 21:53:46,701 | INFO | event=embeddings_loaded | items_count=2000
2026-04-30 21:58:56,927 | INFO | event=prometheus_enabled | endpoint=/metrics
2026-04-30 21:58:56,928 | INFO | event=sentry_not_enabled | reason=SENTRY_DSN_not_set
2026-04-30 21:58:56,928 | INFO | event=monitoring_initialized
2026-04-30 21:58:58,487 | INFO | event=embeddings_loaded | items_count=2000
2026-04-30 22:05:35,872 | INFO | request_id=7b21789e | event=chat_request_started | message_length=0 | has_files=True
2026-04-30 22:05:35,873 | INFO | request_id=7b21789e | event=file_uploaded | filename=safe_test.docx | content_type=application/vnd.openxmlformats-officedocument.wordprocessingml.document | size_bytes=12274
2026-04-30 22:05:35,877 | INFO | request_id=7b21789e | event=static_file_safety_checked | filename=safe_test.docx | classification=Suspicious | severity=1 | flags_count=1
2026-04-30 22:05:36,225 | INFO | request_id=7b21789e | event=file_extracted | filename=safe_test.docx | method=python_docx | readable=True | text_length=68 | image_pages=0
2026-04-30 22:05:43,329 | INFO | request_id=7b21789e | event=file_analysis_result | filename=safe_test.docx | mode=FILE_TEXT_ANALYSIS | classification=Suspicious | confidence=0.75
2026-04-30 22:05:43,329 | INFO | request_id=7b21789e | event=file_analysis_completed | latency=7.46s | files_count=1
2026-04-30 22:19:34,404 | INFO | event=prometheus_enabled | endpoint=/metrics
2026-04-30 22:19:34,405 | INFO | event=sentry_not_enabled | reason=SENTRY_DSN_not_set
2026-04-30 22:19:34,405 | INFO | event=monitoring_initialized
2026-04-30 22:19:35,792 | INFO | event=embeddings_loaded | items_count=2000
2026-04-30 22:20:25,977 | INFO | request_id=4f609c64 | event=chat_request_started | message_length=0 | has_files=True
2026-04-30 22:20:25,977 | INFO | request_id=4f609c64 | event=file_uploaded | filename=nano eicar_test.txt.rtf | content_type=text/rtf | size_bytes=457
2026-04-30 22:20:25,978 | INFO | request_id=4f609c64 | event=static_file_safety_checked | filename=nano eicar_test.txt.rtf | classification=Safe | severity=0 | flags_count=0
2026-04-30 22:20:25,980 | INFO | request_id=4f609c64 | event=file_extracted | filename=nano eicar_test.txt.rtf | method=fallback_decode | readable=True | text_length=457 | image_pages=0
2026-04-30 22:20:33,028 | INFO | request_id=4f609c64 | event=file_analysis_result | filename=nano eicar_test.txt.rtf | mode=FILE_TEXT_ANALYSIS | classification=Safe | confidence=0.9
2026-04-30 22:20:33,029 | INFO | request_id=4f609c64 | event=file_analysis_completed | latency=7.05s | files_count=1
2026-04-30 22:20:48,524 | INFO | request_id=912cad20 | event=chat_request_started | message_length=0 | has_files=True
2026-04-30 22:20:48,525 | INFO | request_id=912cad20 | event=file_uploaded | filename=safe_test.docx | content_type=application/vnd.openxmlformats-officedocument.wordprocessingml.document | size_bytes=12274
2026-04-30 22:20:48,530 | INFO | request_id=912cad20 | event=static_file_safety_checked | filename=safe_test.docx | classification=Suspicious | severity=1 | flags_count=1
2026-04-30 22:20:48,933 | INFO | request_id=912cad20 | event=file_extracted | filename=safe_test.docx | method=python_docx | readable=True | text_length=68 | image_pages=0
2026-04-30 22:20:58,304 | INFO | request_id=912cad20 | event=file_analysis_result | filename=safe_test.docx | mode=FILE_TEXT_ANALYSIS | classification=Suspicious | confidence=0.75
2026-04-30 22:20:58,305 | INFO | request_id=912cad20 | event=file_analysis_completed | latency=9.78s | files_count=1
2026-04-30 22:21:17,258 | INFO | request_id=d5e00d59 | event=chat_request_started | message_length=0 | has_files=True
2026-04-30 22:21:17,258 | INFO | request_id=d5e00d59 | event=file_uploaded | filename=test.docx | content_type=application/vnd.openxmlformats-officedocument.wordprocessingml.document | size_bytes=12369
2026-04-30 22:21:17,259 | INFO | request_id=d5e00d59 | event=static_file_safety_checked | filename=test.docx | classification=Suspicious | severity=1 | flags_count=1
2026-04-30 22:21:17,271 | INFO | request_id=d5e00d59 | event=file_extracted | filename=test.docx | method=python_docx | readable=True | text_length=370 | image_pages=0
2026-04-30 22:21:17,273 | INFO | request_id=d5e00d59 | event=file_analysis_result | filename=test.docx | mode=FILE_TEXT_ANALYSIS | classification=Phishing | confidence=0.92
2026-04-30 22:21:17,273 | INFO | request_id=d5e00d59 | event=file_analysis_completed | latency=0.02s | files_count=1
2026-04-30 22:23:12,774 | INFO | request_id=128f9622 | event=chat_request_started | message_length=257 | has_files=False
2026-04-30 22:23:12,776 | INFO | request_id=128f9622 | event=intent_detected | intent=analysis
2026-04-30 22:23:14,965 | INFO | request_id=128f9622 | event=retrieval_completed | top_score=0.6828 | threshold=0.45 | follow_up=False
2026-04-30 22:23:23,343 | INFO | request_id=128f9622 | event=chat_answer_completed | mode=RAG_ANALYSIS | intent=analysis | classification=Phishing | confidence=0.95 | top_score=0.6828 | latency=10.57s
2026-04-30 22:23:44,569 | INFO | request_id=f9cea9e0 | event=chat_request_started | message_length=0 | has_files=True
2026-04-30 22:23:44,571 | INFO | request_id=f9cea9e0 | event=file_uploaded | filename=safe_test.docx | content_type=application/vnd.openxmlformats-officedocument.wordprocessingml.document | size_bytes=12274
2026-04-30 22:23:44,571 | INFO | request_id=f9cea9e0 | event=static_file_safety_checked | filename=safe_test.docx | classification=Suspicious | severity=1 | flags_count=1
2026-04-30 22:23:44,579 | INFO | request_id=f9cea9e0 | event=file_extracted | filename=safe_test.docx | method=python_docx | readable=True | text_length=68 | image_pages=0
2026-04-30 22:23:50,176 | INFO | request_id=f9cea9e0 | event=file_analysis_result | filename=safe_test.docx | mode=FILE_TEXT_ANALYSIS | classification=Suspicious | confidence=0.75
2026-04-30 22:23:50,177 | INFO | request_id=f9cea9e0 | event=file_analysis_completed | latency=5.61s | files_count=1
2026-04-30 22:24:17,549 | INFO | request_id=0c6d989e | event=chat_request_started | message_length=0 | has_files=True
2026-04-30 22:24:17,550 | INFO | request_id=0c6d989e | event=file_uploaded | filename=Screen Shot 2026-04-25 at 9.23.54 PM.png | content_type=image/png | size_bytes=90602
2026-04-30 22:24:17,550 | INFO | request_id=0c6d989e | event=static_file_safety_checked | filename=Screen Shot 2026-04-25 at 9.23.54 PM.png | classification=Safe | severity=0 | flags_count=0
2026-04-30 22:24:20,897 | INFO | request_id=0c6d989e | event=file_analysis_result | filename=Screen Shot 2026-04-25 at 9.23.54 PM.png | mode=VISION_FILE_ANALYSIS | classification=Safe | confidence=0.9
2026-04-30 22:24:20,897 | INFO | request_id=0c6d989e | event=file_analysis_completed | latency=3.35s | files_count=1
2026-04-30 22:34:47,078 | INFO | event=prometheus_enabled | endpoint=/metrics
2026-04-30 22:34:47,079 | INFO | event=sentry_not_enabled | reason=SENTRY_DSN_not_set
2026-04-30 22:34:47,080 | INFO | event=monitoring_initialized
2026-04-30 22:34:48,566 | INFO | event=embeddings_loaded | items_count=2000
2026-04-30 22:35:49,197 | INFO | request_id=d7495c81 | event=chat_request_started | message_length=0 | has_files=True
2026-04-30 22:35:49,199 | INFO | request_id=d7495c81 | event=file_uploaded | filename=Screen Shot 2026-03-14 at 9.28.24 PM.png | content_type=image/png | size_bytes=48239
2026-04-30 22:35:49,201 | INFO | request_id=d7495c81 | event=static_file_safety_checked | filename=Screen Shot 2026-03-14 at 9.28.24 PM.png | classification=Safe | severity=0 | flags_count=0
2026-04-30 22:35:53,797 | INFO | request_id=d7495c81 | event=file_analysis_result | filename=Screen Shot 2026-03-14 at 9.28.24 PM.png | mode=VISION_FILE_ANALYSIS | classification=Safe | confidence=0.9
2026-04-30 22:35:53,798 | INFO | request_id=d7495c81 | event=file_analysis_completed | latency=4.6s | files_count=1
2026-05-01 13:59:59,482 | INFO | event=prometheus_enabled | endpoint=/metrics
2026-05-01 13:59:59,484 | INFO | event=sentry_not_enabled | reason=SENTRY_DSN_not_set
2026-05-01 13:59:59,484 | INFO | event=monitoring_initialized
2026-05-01 14:00:02,705 | INFO | event=embeddings_loaded | items_count=2000
2026-05-01 14:00:55,802 | INFO | request_id=01b81dc1 | event=chat_request_started | message_length=151 | has_files=False
2026-05-01 14:00:55,803 | INFO | request_id=01b81dc1 | event=intent_detected | intent=analysis
2026-05-01 14:00:59,798 | INFO | request_id=01b81dc1 | event=retrieval_completed | top_score=0.4801 | threshold=0.45 | follow_up=False
2026-05-01 14:01:06,219 | INFO | request_id=01b81dc1 | event=chat_answer_completed | mode=RAG_ANALYSIS | intent=analysis | classification=Safe | confidence=0.9 | top_score=0.4801 | latency=10.42s
2026-05-01 14:06:28,468 | INFO | event=prometheus_enabled | endpoint=/metrics
2026-05-01 14:06:28,468 | INFO | event=sentry_not_enabled | reason=SENTRY_DSN_not_set
2026-05-01 14:06:28,469 | INFO | event=monitoring_initialized
2026-05-01 14:06:29,841 | INFO | event=embeddings_loaded | items_count=2000
2026-05-01 14:07:06,337 | INFO | request_id=04193286 | event=chat_request_started | message_length=130 | has_files=False
2026-05-01 14:07:06,342 | INFO | request_id=04193286 | event=intent_detected | intent=analysis
2026-05-01 14:07:09,111 | INFO | request_id=04193286 | event=retrieval_completed | top_score=0.5334 | threshold=0.45 | follow_up=False
2026-05-01 14:07:14,533 | INFO | request_id=04193286 | event=chat_answer_completed | mode=RAG_ANALYSIS | intent=analysis | classification=Safe | confidence=0.9 | top_score=0.5334 | latency=8.2s
2026-05-01 14:32:17,060 | INFO | event=prometheus_enabled | endpoint=/metrics
2026-05-01 14:32:17,061 | INFO | event=sentry_not_enabled | reason=SENTRY_DSN_not_set
2026-05-01 14:32:17,061 | INFO | event=monitoring_initialized
2026-05-01 14:32:18,498 | INFO | event=embeddings_loaded | items_count=2000
2026-05-01 14:38:51,788 | INFO | event=prometheus_enabled | endpoint=/metrics
2026-05-01 14:38:51,788 | INFO | event=sentry_not_enabled | reason=SENTRY_DSN_not_set
2026-05-01 14:38:51,788 | INFO | event=monitoring_initialized
2026-05-01 14:38:53,504 | INFO | event=embeddings_loaded | items_count=2000
2026-05-01 14:39:26,085 | INFO | request_id=d21fe51c | event=chat_request_started | message_length=123 | has_files=False
2026-05-01 14:39:26,086 | INFO | request_id=d21fe51c | event=intent_detected | intent=analysis
2026-05-01 14:39:29,313 | INFO | request_id=d21fe51c | event=retrieval_completed | top_score=0.4272 | threshold=0.45 | follow_up=False
2026-05-01 14:39:29,315 | ERROR | event=phi_model_failed_fallback_to_gpt | error=No module named 'transformers'
2026-05-01 14:39:36,267 | INFO | request_id=d21fe51c | event=chat_answer_completed | mode=LLM_ANALYSIS | intent=analysis | classification=Suspicious | confidence=0.75 | top_score=0.4272 | latency=10.18s
2026-05-01 14:45:29,925 | INFO | event=prometheus_enabled | endpoint=/metrics
2026-05-01 14:45:29,926 | INFO | event=sentry_not_enabled | reason=SENTRY_DSN_not_set
2026-05-01 14:45:29,926 | INFO | event=monitoring_initialized
2026-05-01 14:45:31,284 | INFO | event=embeddings_loaded | items_count=2000
2026-05-01 14:46:01,497 | INFO | request_id=40f74d91 | event=chat_request_started | message_length=173 | has_files=False
2026-05-01 14:46:01,498 | INFO | request_id=40f74d91 | event=intent_detected | intent=analysis
2026-05-01 14:46:04,793 | INFO | request_id=40f74d91 | event=retrieval_completed | top_score=0.4731 | threshold=0.45 | follow_up=False
2026-05-01 14:46:15,193 | INFO | request_id=40f74d91 | event=chat_answer_completed | mode=RAG_ANALYSIS | intent=analysis | classification=Phishing | confidence=0.86 | top_score=0.4731 | latency=13.7s
2026-05-01 14:46:15,208 | INFO | request_id=179956a3 | event=chat_request_started | message_length=173 | has_files=False
2026-05-01 14:46:15,208 | INFO | request_id=179956a3 | event=intent_detected | intent=analysis
2026-05-01 14:46:15,412 | INFO | request_id=179956a3 | event=retrieval_completed | top_score=0.4731 | threshold=0.45 | follow_up=False
2026-05-01 14:46:15,414 | ERROR | event=phi_model_failed_fallback_to_gpt | error=No module named 'transformers'
2026-05-01 14:46:25,218 | INFO | request_id=179956a3 | event=chat_answer_completed | mode=RAG_ANALYSIS | intent=analysis | classification=Phishing | confidence=0.86 | top_score=0.4731 | latency=10.01s
2026-05-01 14:55:48,243 | INFO | request_id=4e4c779f | event=chat_request_started | message_length=173 | has_files=False
2026-05-01 14:55:48,244 | INFO | request_id=4e4c779f | event=intent_detected | intent=analysis
2026-05-01 15:04:04,589 | INFO | request_id=857e0bdb | event=chat_request_started | message_length=172 | has_files=False
2026-05-01 15:04:04,590 | INFO | request_id=857e0bdb | event=intent_detected | intent=analysis
2026-05-01 15:04:05,734 | INFO | request_id=857e0bdb | event=retrieval_completed | top_score=0.4461 | threshold=0.45 | follow_up=False
2026-05-01 15:04:12,848 | INFO | request_id=857e0bdb | event=chat_answer_completed | mode=LLM_ANALYSIS | intent=analysis | classification=Phishing | confidence=0.86 | top_score=0.4461 | latency=8.26s
2026-05-01 15:04:12,872 | INFO | request_id=c83556ff | event=chat_request_started | message_length=172 | has_files=False
2026-05-01 15:04:12,873 | INFO | request_id=c83556ff | event=intent_detected | intent=analysis
2026-05-01 15:04:13,304 | INFO | request_id=c83556ff | event=retrieval_completed | top_score=0.4461 | threshold=0.45 | follow_up=False
2026-05-01 15:04:13,306 | ERROR | event=phi_model_failed_fallback_to_gpt | error=No module named 'transformers'
2026-05-01 15:04:19,753 | INFO | request_id=c83556ff | event=chat_answer_completed | mode=LLM_ANALYSIS | intent=analysis | classification=Phishing | confidence=0.86 | top_score=0.4461 | latency=6.88s
2026-05-01 15:04:40,528 | INFO | request_id=c49673aa | event=chat_request_started | message_length=1144 | has_files=False
2026-05-01 15:04:40,528 | INFO | request_id=c49673aa | event=intent_detected | intent=analysis
2026-05-01 15:04:41,559 | INFO | request_id=c49673aa | event=retrieval_completed | top_score=0.6947 | threshold=0.45 | follow_up=False
2026-05-01 15:04:47,741 | INFO | request_id=c49673aa | event=chat_answer_completed | mode=RAG_ANALYSIS | intent=analysis | classification=Safe | confidence=0.9 | top_score=0.6947 | latency=7.21s
2026-05-01 15:04:51,464 | INFO | request_id=db55c655 | event=chat_request_started | message_length=593 | has_files=False
2026-05-01 15:04:51,465 | INFO | request_id=db55c655 | event=intent_detected | intent=analysis
2026-05-01 15:04:51,678 | INFO | request_id=db55c655 | event=retrieval_completed | top_score=0.777 | threshold=0.45 | follow_up=False
2026-05-01 15:04:51,680 | ERROR | event=phi_model_failed_fallback_to_gpt | error=No module named 'transformers'
2026-05-01 15:04:58,943 | INFO | request_id=db55c655 | event=chat_answer_completed | mode=RAG_ANALYSIS | intent=analysis | classification=Safe | confidence=0.9 | top_score=0.777 | latency=7.48s
2026-05-01 15:05:00,396 | INFO | request_id=bd9b8928 | event=chat_request_started | message_length=737 | has_files=False
2026-05-01 15:05:00,397 | INFO | request_id=bd9b8928 | event=intent_detected | intent=analysis
2026-05-01 15:05:00,606 | INFO | request_id=bd9b8928 | event=retrieval_completed | top_score=0.7441 | threshold=0.45 | follow_up=False
2026-05-01 15:05:09,813 | INFO | request_id=bd9b8928 | event=chat_answer_completed | mode=RAG_ANALYSIS | intent=analysis | classification=Phishing | confidence=0.93 | top_score=0.7441 | latency=9.42s
2026-05-01 15:05:11,352 | INFO | request_id=bd5d3d0f | event=chat_request_started | message_length=555 | has_files=False
2026-05-01 15:05:11,352 | INFO | request_id=bd5d3d0f | event=intent_detected | intent=analysis
2026-05-01 15:05:11,665 | INFO | request_id=bd5d3d0f | event=retrieval_completed | top_score=0.7075 | threshold=0.45 | follow_up=False
2026-05-01 15:05:11,667 | ERROR | event=phi_model_failed_fallback_to_gpt | error=No module named 'transformers'
2026-05-01 15:05:20,773 | INFO | request_id=bd5d3d0f | event=chat_answer_completed | mode=RAG_ANALYSIS | intent=analysis | classification=Phishing | confidence=0.88 | top_score=0.7075 | latency=9.42s
2026-05-01 15:05:22,757 | INFO | request_id=b55cc51d | event=chat_request_started | message_length=1144 | has_files=False
2026-05-01 15:05:22,757 | INFO | request_id=b55cc51d | event=intent_detected | intent=analysis
2026-05-01 15:05:22,965 | INFO | request_id=b55cc51d | event=retrieval_completed | top_score=0.6947 | threshold=0.45 | follow_up=False
2026-05-01 15:05:29,682 | INFO | request_id=b55cc51d | event=chat_answer_completed | mode=RAG_ANALYSIS | intent=analysis | classification=Safe | confidence=0.9 | top_score=0.6947 | latency=6.92s
2026-05-01 15:05:31,012 | INFO | request_id=9e52a000 | event=chat_request_started | message_length=593 | has_files=False
2026-05-01 15:05:31,012 | INFO | request_id=9e52a000 | event=intent_detected | intent=analysis
2026-05-01 15:05:31,528 | INFO | request_id=9e52a000 | event=retrieval_completed | top_score=0.777 | threshold=0.45 | follow_up=False
2026-05-01 15:05:31,529 | ERROR | event=phi_model_failed_fallback_to_gpt | error=No module named 'transformers'
2026-05-01 15:05:38,586 | INFO | request_id=9e52a000 | event=chat_answer_completed | mode=RAG_ANALYSIS | intent=analysis | classification=Safe | confidence=0.9 | top_score=0.777 | latency=7.57s
2026-05-01 15:05:39,718 | INFO | request_id=f63249d9 | event=chat_request_started | message_length=737 | has_files=False
2026-05-01 15:05:39,719 | INFO | request_id=f63249d9 | event=intent_detected | intent=analysis
2026-05-01 15:05:39,914 | INFO | request_id=f63249d9 | event=retrieval_completed | top_score=0.7441 | threshold=0.45 | follow_up=False
2026-05-01 15:05:39,916 | ERROR | event=phi_model_failed_fallback_to_gpt | error=No module named 'transformers'
2026-05-01 15:05:53,741 | INFO | request_id=f63249d9 | event=chat_answer_completed | mode=RAG_ANALYSIS | intent=analysis | classification=Phishing | confidence=0.93 | top_score=0.7441 | latency=14.02s
2026-05-01 15:05:54,974 | INFO | request_id=2f6fe46d | event=chat_request_started | message_length=555 | has_files=False
2026-05-01 15:05:54,974 | INFO | request_id=2f6fe46d | event=intent_detected | intent=analysis
2026-05-01 15:05:55,179 | INFO | request_id=2f6fe46d | event=retrieval_completed | top_score=0.7074 | threshold=0.45 | follow_up=False
2026-05-01 15:06:03,576 | INFO | request_id=2f6fe46d | event=chat_answer_completed | mode=RAG_ANALYSIS | intent=analysis | classification=Phishing | confidence=0.93 | top_score=0.7074 | latency=8.6s
2026-05-01 15:15:05,259 | INFO | event=prometheus_enabled | endpoint=/metrics
2026-05-01 15:15:05,259 | INFO | event=sentry_not_enabled | reason=SENTRY_DSN_not_set
2026-05-01 15:15:05,260 | INFO | event=monitoring_initialized
2026-05-01 15:15:06,651 | INFO | event=embeddings_loaded | items_count=2000
2026-05-01 15:17:09,877 | INFO | request_id=7951657f | event=chat_request_started | message_length=131 | has_files=False
2026-05-01 15:17:09,879 | INFO | request_id=7951657f | event=intent_detected | intent=analysis
2026-05-01 15:17:12,154 | INFO | request_id=7951657f | event=retrieval_completed | top_score=0.5301 | threshold=0.45 | follow_up=False
2026-05-01 15:17:20,133 | INFO | request_id=7951657f | event=chat_answer_completed | mode=RAG_ANALYSIS | intent=analysis | classification=Suspicious | confidence=0.74 | top_score=0.5301 | latency=10.26s
2026-05-01 15:17:20,150 | INFO | request_id=dc064cb8 | event=chat_request_started | message_length=131 | has_files=False
2026-05-01 15:17:20,150 | INFO | request_id=dc064cb8 | event=intent_detected | intent=analysis
2026-05-01 15:17:20,369 | INFO | request_id=dc064cb8 | event=retrieval_completed | top_score=0.5301 | threshold=0.45 | follow_up=False
2026-05-01 15:17:20,371 | ERROR | event=phi_model_failed_fallback_to_gpt | error=No module named 'transformers'
2026-05-01 15:17:27,199 | INFO | request_id=dc064cb8 | event=chat_answer_completed | mode=RAG_ANALYSIS | intent=analysis | classification=Suspicious | confidence=0.74 | top_score=0.5301 | latency=7.05s
2026-05-01 15:18:00,878 | INFO | request_id=a169c55a | event=chat_request_started | message_length=1194 | has_files=False
2026-05-01 15:18:00,879 | INFO | request_id=a169c55a | event=intent_detected | intent=analysis
2026-05-01 15:18:01,314 | INFO | request_id=a169c55a | event=retrieval_completed | top_score=0.6063 | threshold=0.45 | follow_up=False
2026-05-01 15:18:01,316 | ERROR | event=phi_model_failed_fallback_to_gpt | error=No module named 'transformers'
2026-05-01 15:18:06,510 | INFO | request_id=a169c55a | event=chat_answer_completed | mode=RAG_ANALYSIS | intent=analysis | classification=Safe | confidence=0.9 | top_score=0.6063 | latency=5.63s
2026-05-01 15:18:06,518 | INFO | request_id=7a999574 | event=chat_request_started | message_length=618 | has_files=False
2026-05-01 15:18:06,519 | INFO | request_id=7a999574 | event=intent_detected | intent=analysis
2026-05-01 15:18:07,618 | INFO | request_id=7a999574 | event=retrieval_completed | top_score=0.689 | threshold=0.45 | follow_up=False
2026-05-01 15:18:17,100 | INFO | request_id=7a999574 | event=chat_answer_completed | mode=RAG_ANALYSIS | intent=analysis | classification=Safe | confidence=0.9 | top_score=0.689 | latency=10.58s
2026-05-01 15:18:17,108 | INFO | request_id=23cc778b | event=chat_request_started | message_length=1384 | has_files=False
2026-05-01 15:18:17,108 | INFO | request_id=23cc778b | event=intent_detected | intent=analysis
2026-05-01 15:18:18,397 | INFO | request_id=23cc778b | event=retrieval_completed | top_score=0.7521 | threshold=0.45 | follow_up=False
2026-05-01 15:18:23,408 | INFO | request_id=23cc778b | event=chat_answer_completed | mode=RAG_ANALYSIS | intent=analysis | classification=Safe | confidence=0.9 | top_score=0.7521 | latency=6.3s
2026-05-01 15:18:23,416 | INFO | request_id=93d53926 | event=chat_request_started | message_length=797 | has_files=False
2026-05-01 15:18:23,416 | INFO | request_id=93d53926 | event=intent_detected | intent=analysis
2026-05-01 15:18:23,644 | INFO | request_id=93d53926 | event=retrieval_completed | top_score=0.7429 | threshold=0.45 | follow_up=False
2026-05-01 15:18:23,647 | ERROR | event=phi_model_failed_fallback_to_gpt | error=No module named 'transformers'
2026-05-01 15:18:30,068 | INFO | request_id=93d53926 | event=chat_answer_completed | mode=RAG_ANALYSIS | intent=analysis | classification=Phishing | confidence=0.92 | top_score=0.7429 | latency=6.65s
2026-05-01 15:18:30,077 | INFO | request_id=57e68734 | event=chat_request_started | message_length=587 | has_files=False
2026-05-01 15:18:30,078 | INFO | request_id=57e68734 | event=intent_detected | intent=analysis
2026-05-01 15:18:30,276 | INFO | request_id=57e68734 | event=retrieval_completed | top_score=0.7166 | threshold=0.45 | follow_up=False
2026-05-01 15:18:37,336 | INFO | request_id=57e68734 | event=chat_answer_completed | mode=RAG_ANALYSIS | intent=analysis | classification=Phishing | confidence=0.95 | top_score=0.7166 | latency=7.26s
2026-05-01 15:18:40,527 | INFO | request_id=fdb40dbe | event=chat_request_started | message_length=1194 | has_files=False
2026-05-01 15:18:40,528 | INFO | request_id=fdb40dbe | event=intent_detected | intent=analysis
2026-05-01 15:18:40,737 | INFO | request_id=fdb40dbe | event=retrieval_completed | top_score=0.6063 | threshold=0.45 | follow_up=False
2026-05-01 15:18:47,571 | INFO | request_id=fdb40dbe | event=chat_answer_completed | mode=RAG_ANALYSIS | intent=analysis | classification=Safe | confidence=0.9 | top_score=0.6063 | latency=7.04s
2026-05-01 15:18:47,579 | INFO | request_id=2fd2ab2d | event=chat_request_started | message_length=618 | has_files=False
2026-05-01 15:18:47,579 | INFO | request_id=2fd2ab2d | event=intent_detected | intent=analysis
2026-05-01 15:18:47,790 | INFO | request_id=2fd2ab2d | event=retrieval_completed | top_score=0.689 | threshold=0.45 | follow_up=False
2026-05-01 15:18:47,793 | ERROR | event=phi_model_failed_fallback_to_gpt | error=No module named 'transformers'
2026-05-01 15:18:54,632 | INFO | request_id=2fd2ab2d | event=chat_answer_completed | mode=RAG_ANALYSIS | intent=analysis | classification=Safe | confidence=0.9 | top_score=0.689 | latency=7.05s
2026-05-01 15:18:54,640 | INFO | request_id=fcca05d5 | event=chat_request_started | message_length=1384 | has_files=False
2026-05-01 15:18:54,640 | INFO | request_id=fcca05d5 | event=intent_detected | intent=analysis
2026-05-01 15:18:54,848 | INFO | request_id=fcca05d5 | event=retrieval_completed | top_score=0.7522 | threshold=0.45 | follow_up=False
2026-05-01 15:18:59,955 | INFO | request_id=fcca05d5 | event=chat_answer_completed | mode=RAG_ANALYSIS | intent=analysis | classification=Safe | confidence=0.9 | top_score=0.7522 | latency=5.32s
2026-05-01 15:18:59,963 | INFO | request_id=4ffdd6a6 | event=chat_request_started | message_length=797 | has_files=False
2026-05-01 15:18:59,963 | INFO | request_id=4ffdd6a6 | event=intent_detected | intent=analysis
2026-05-01 15:19:00,170 | INFO | request_id=4ffdd6a6 | event=retrieval_completed | top_score=0.7429 | threshold=0.45 | follow_up=False
2026-05-01 15:19:06,740 | INFO | request_id=4ffdd6a6 | event=chat_answer_completed | mode=RAG_ANALYSIS | intent=analysis | classification=Phishing | confidence=0.95 | top_score=0.7429 | latency=6.78s
2026-05-01 15:19:06,750 | INFO | request_id=1c234c18 | event=chat_request_started | message_length=587 | has_files=False
2026-05-01 15:19:06,750 | INFO | request_id=1c234c18 | event=intent_detected | intent=analysis
2026-05-01 15:19:07,126 | INFO | request_id=1c234c18 | event=retrieval_completed | top_score=0.7166 | threshold=0.45 | follow_up=False
2026-05-01 15:19:11,990 | INFO | request_id=1c234c18 | event=chat_answer_completed | mode=RAG_ANALYSIS | intent=analysis | classification=Phishing | confidence=0.95 | top_score=0.7166 | latency=5.24s
2026-05-01 15:21:51,515 | INFO | event=prometheus_enabled | endpoint=/metrics
2026-05-01 15:21:51,515 | INFO | event=sentry_not_enabled | reason=SENTRY_DSN_not_set
2026-05-01 15:21:51,515 | INFO | event=monitoring_initialized
2026-05-01 15:21:52,903 | INFO | event=embeddings_loaded | items_count=2000
2026-05-01 15:22:30,163 | INFO | request_id=42cadbf2 | event=chat_request_started | message_length=131 | has_files=False
2026-05-01 15:22:30,165 | INFO | request_id=42cadbf2 | event=intent_detected | intent=analysis
2026-05-01 15:22:31,587 | INFO | request_id=42cadbf2 | event=retrieval_completed | top_score=0.5301 | threshold=0.45 | follow_up=False
2026-05-01 15:22:38,081 | INFO | request_id=42cadbf2 | event=chat_answer_completed | mode=RAG_ANALYSIS | intent=analysis | classification=Suspicious | confidence=0.74 | top_score=0.5301 | latency=7.92s
2026-05-01 15:22:38,121 | INFO | request_id=31e4e24a | event=chat_request_started | message_length=131 | has_files=False
2026-05-01 15:22:38,122 | INFO | request_id=31e4e24a | event=intent_detected | intent=analysis
2026-05-01 15:22:38,321 | INFO | request_id=31e4e24a | event=retrieval_completed | top_score=0.5301 | threshold=0.45 | follow_up=False
2026-05-01 15:22:38,322 | ERROR | event=phi_model_failed_fallback_to_gpt | error=No module named 'transformers'
2026-05-01 15:22:44,489 | INFO | request_id=31e4e24a | event=chat_answer_completed | mode=RAG_ANALYSIS | intent=analysis | classification=Suspicious | confidence=0.74 | top_score=0.5301 | latency=6.37s
2026-05-01 15:23:07,919 | INFO | request_id=ae24ee32 | event=chat_request_started | message_length=1144 | has_files=False
2026-05-01 15:23:07,920 | INFO | request_id=ae24ee32 | event=intent_detected | intent=analysis
2026-05-01 15:23:08,257 | INFO | request_id=ae24ee32 | event=retrieval_completed | top_score=0.6947 | threshold=0.45 | follow_up=False
2026-05-01 15:23:15,040 | INFO | request_id=ae24ee32 | event=chat_answer_completed | mode=RAG_ANALYSIS | intent=analysis | classification=Safe | confidence=0.9 | top_score=0.6947 | latency=7.12s
2026-05-01 15:23:17,501 | INFO | request_id=ed8ec7c0 | event=chat_request_started | message_length=593 | has_files=False
2026-05-01 15:23:17,502 | INFO | request_id=ed8ec7c0 | event=intent_detected | intent=analysis
2026-05-01 15:23:17,713 | INFO | request_id=ed8ec7c0 | event=retrieval_completed | top_score=0.777 | threshold=0.45 | follow_up=False
2026-05-01 15:23:24,854 | INFO | request_id=ed8ec7c0 | event=chat_answer_completed | mode=RAG_ANALYSIS | intent=analysis | classification=Safe | confidence=0.9 | top_score=0.777 | latency=7.35s
2026-05-01 15:23:26,396 | INFO | request_id=0bf12277 | event=chat_request_started | message_length=737 | has_files=False
2026-05-01 15:23:26,396 | INFO | request_id=0bf12277 | event=intent_detected | intent=analysis
2026-05-01 15:23:26,630 | INFO | request_id=0bf12277 | event=retrieval_completed | top_score=0.7441 | threshold=0.45 | follow_up=False
2026-05-01 15:23:26,633 | ERROR | event=phi_model_failed_fallback_to_gpt | error=No module named 'transformers'
2026-05-01 15:23:35,917 | INFO | request_id=0bf12277 | event=chat_answer_completed | mode=RAG_ANALYSIS | intent=analysis | classification=Phishing | confidence=0.92 | top_score=0.7441 | latency=9.52s
2026-05-01 15:23:37,248 | INFO | request_id=0afaac34 | event=chat_request_started | message_length=555 | has_files=False
2026-05-01 15:23:37,248 | INFO | request_id=0afaac34 | event=intent_detected | intent=analysis
2026-05-01 15:23:37,474 | INFO | request_id=0afaac34 | event=retrieval_completed | top_score=0.7074 | threshold=0.45 | follow_up=False
2026-05-01 15:23:46,896 | INFO | request_id=0afaac34 | event=chat_answer_completed | mode=RAG_ANALYSIS | intent=analysis | classification=Phishing | confidence=0.92 | top_score=0.7074 | latency=9.65s
2026-05-01 15:23:48,063 | INFO | request_id=32d9c80e | event=chat_request_started | message_length=1144 | has_files=False
2026-05-01 15:23:48,063 | INFO | request_id=32d9c80e | event=intent_detected | intent=analysis
2026-05-01 15:23:48,396 | INFO | request_id=32d9c80e | event=retrieval_completed | top_score=0.6947 | threshold=0.45 | follow_up=False
2026-05-01 15:23:48,398 | ERROR | event=phi_model_failed_fallback_to_gpt | error=No module named 'transformers'
2026-05-01 15:23:55,852 | INFO | request_id=32d9c80e | event=chat_answer_completed | mode=RAG_ANALYSIS | intent=analysis | classification=Safe | confidence=0.9 | top_score=0.6947 | latency=7.79s
2026-05-01 15:23:57,067 | INFO | request_id=ec658a03 | event=chat_request_started | message_length=593 | has_files=False
2026-05-01 15:23:57,068 | INFO | request_id=ec658a03 | event=intent_detected | intent=analysis
2026-05-01 15:23:57,282 | INFO | request_id=ec658a03 | event=retrieval_completed | top_score=0.777 | threshold=0.45 | follow_up=False
2026-05-01 15:24:05,750 | INFO | request_id=ec658a03 | event=chat_answer_completed | mode=RAG_ANALYSIS | intent=analysis | classification=Safe | confidence=0.9 | top_score=0.777 | latency=8.68s
2026-05-01 15:24:07,217 | INFO | request_id=e2a7f9bd | event=chat_request_started | message_length=737 | has_files=False
2026-05-01 15:24:07,217 | INFO | request_id=e2a7f9bd | event=intent_detected | intent=analysis
2026-05-01 15:24:07,411 | INFO | request_id=e2a7f9bd | event=retrieval_completed | top_score=0.7441 | threshold=0.45 | follow_up=False
2026-05-01 15:24:07,412 | ERROR | event=phi_model_failed_fallback_to_gpt | error=No module named 'transformers'
2026-05-01 15:24:18,543 | INFO | request_id=e2a7f9bd | event=chat_answer_completed | mode=RAG_ANALYSIS | intent=analysis | classification=Phishing | confidence=0.95 | top_score=0.7441 | latency=11.33s
2026-05-01 15:24:19,648 | INFO | request_id=c7e913c8 | event=chat_request_started | message_length=555 | has_files=False
2026-05-01 15:24:19,649 | INFO | request_id=c7e913c8 | event=intent_detected | intent=analysis
2026-05-01 15:24:19,857 | INFO | request_id=c7e913c8 | event=retrieval_completed | top_score=0.7075 | threshold=0.45 | follow_up=False
2026-05-01 15:24:29,159 | INFO | request_id=c7e913c8 | event=chat_answer_completed | mode=RAG_ANALYSIS | intent=analysis | classification=Phishing | confidence=0.94 | top_score=0.7075 | latency=9.51s
2026-05-01 15:27:12,451 | INFO | event=prometheus_enabled | endpoint=/metrics
2026-05-01 15:27:12,451 | INFO | event=sentry_not_enabled | reason=SENTRY_DSN_not_set
2026-05-01 15:27:12,452 | INFO | event=monitoring_initialized
2026-05-01 15:27:13,833 | INFO | event=embeddings_loaded | items_count=2000
2026-05-01 15:29:03,544 | INFO | request_id=11a7ad02 | event=chat_request_started | message_length=193 | has_files=False
2026-05-01 15:29:03,545 | INFO | request_id=11a7ad02 | event=intent_detected | intent=analysis
2026-05-01 15:29:04,876 | INFO | request_id=11a7ad02 | event=retrieval_completed | top_score=0.425 | threshold=0.45 | follow_up=False
2026-05-01 15:29:13,433 | INFO | request_id=11a7ad02 | event=chat_answer_completed | mode=LLM_ANALYSIS | intent=analysis | classification=Phishing | confidence=0.95 | top_score=0.425 | latency=9.89s
2026-05-01 15:29:13,453 | INFO | request_id=cbc3877a | event=chat_request_started | message_length=193 | has_files=False
2026-05-01 15:29:13,453 | INFO | request_id=cbc3877a | event=intent_detected | intent=analysis
2026-05-01 15:29:14,323 | INFO | request_id=cbc3877a | event=retrieval_completed | top_score=0.425 | threshold=0.45 | follow_up=False
2026-05-01 15:29:14,325 | ERROR | event=phi_model_failed_fallback_to_gpt | error=No module named 'transformers'
2026-05-01 15:29:22,839 | INFO | request_id=cbc3877a | event=chat_answer_completed | mode=LLM_ANALYSIS | intent=analysis | classification=Phishing | confidence=0.95 | top_score=0.425 | latency=9.39s
2026-05-01 15:29:44,525 | INFO | request_id=837e9c03 | event=chat_request_started | message_length=1144 | has_files=False
2026-05-01 15:29:44,525 | INFO | request_id=837e9c03 | event=intent_detected | intent=analysis
2026-05-01 15:29:44,869 | INFO | request_id=837e9c03 | event=retrieval_completed | top_score=0.6947 | threshold=0.45 | follow_up=False
2026-05-01 15:29:44,870 | ERROR | event=phi_model_failed_fallback_to_gpt | error=No module named 'transformers'
2026-05-01 15:29:51,101 | INFO | request_id=837e9c03 | event=chat_answer_completed | mode=RAG_ANALYSIS | intent=analysis | classification=Safe | confidence=0.9 | top_score=0.6947 | latency=6.58s
2026-05-01 15:29:52,755 | INFO | request_id=8551700e | event=chat_request_started | message_length=593 | has_files=False
2026-05-01 15:29:52,755 | INFO | request_id=8551700e | event=intent_detected | intent=analysis
2026-05-01 15:29:52,960 | INFO | request_id=8551700e | event=retrieval_completed | top_score=0.777 | threshold=0.45 | follow_up=False
2026-05-01 15:30:03,593 | INFO | request_id=8551700e | event=chat_answer_completed | mode=RAG_ANALYSIS | intent=analysis | classification=Safe | confidence=0.9 | top_score=0.777 | latency=10.84s
2026-05-01 15:30:04,929 | INFO | request_id=3b3340a4 | event=chat_request_started | message_length=737 | has_files=False
2026-05-01 15:30:04,929 | INFO | request_id=3b3340a4 | event=intent_detected | intent=analysis
2026-05-01 15:30:05,345 | INFO | request_id=3b3340a4 | event=retrieval_completed | top_score=0.7441 | threshold=0.45 | follow_up=False
2026-05-01 15:30:15,881 | INFO | request_id=3b3340a4 | event=chat_answer_completed | mode=RAG_ANALYSIS | intent=analysis | classification=Phishing | confidence=0.93 | top_score=0.7441 | latency=10.95s
2026-05-01 15:30:17,239 | INFO | request_id=1f6ae71e | event=chat_request_started | message_length=555 | has_files=False
2026-05-01 15:30:17,239 | INFO | request_id=1f6ae71e | event=intent_detected | intent=analysis
2026-05-01 15:30:17,446 | INFO | request_id=1f6ae71e | event=retrieval_completed | top_score=0.7075 | threshold=0.45 | follow_up=False
2026-05-01 15:30:25,404 | INFO | request_id=1f6ae71e | event=chat_answer_completed | mode=RAG_ANALYSIS | intent=analysis | classification=Phishing | confidence=0.94 | top_score=0.7075 | latency=8.17s
2026-05-01 15:30:27,830 | INFO | request_id=1475ea92 | event=chat_request_started | message_length=1144 | has_files=False
2026-05-01 15:30:27,830 | INFO | request_id=1475ea92 | event=intent_detected | intent=analysis
2026-05-01 15:30:28,698 | INFO | request_id=1475ea92 | event=retrieval_completed | top_score=0.6947 | threshold=0.45 | follow_up=False
2026-05-01 15:30:34,621 | INFO | request_id=1475ea92 | event=chat_answer_completed | mode=RAG_ANALYSIS | intent=analysis | classification=Safe | confidence=0.9 | top_score=0.6947 | latency=6.79s
2026-05-01 15:30:35,857 | INFO | request_id=5d0e12f8 | event=chat_request_started | message_length=593 | has_files=False
2026-05-01 15:30:35,857 | INFO | request_id=5d0e12f8 | event=intent_detected | intent=analysis
2026-05-01 15:30:36,066 | INFO | request_id=5d0e12f8 | event=retrieval_completed | top_score=0.777 | threshold=0.45 | follow_up=False
2026-05-01 15:30:36,067 | ERROR | event=phi_model_failed_fallback_to_gpt | error=No module named 'transformers'
2026-05-01 15:30:41,690 | INFO | request_id=5d0e12f8 | event=chat_answer_completed | mode=RAG_ANALYSIS | intent=analysis | classification=Safe | confidence=0.9 | top_score=0.777 | latency=5.83s
2026-05-01 15:30:42,713 | INFO | request_id=b287dbf9 | event=chat_request_started | message_length=737 | has_files=False
2026-05-01 15:30:42,714 | INFO | request_id=b287dbf9 | event=intent_detected | intent=analysis
2026-05-01 15:30:42,949 | INFO | request_id=b287dbf9 | event=retrieval_completed | top_score=0.7441 | threshold=0.45 | follow_up=False
2026-05-01 15:30:54,281 | INFO | request_id=b287dbf9 | event=chat_answer_completed | mode=RAG_ANALYSIS | intent=analysis | classification=Phishing | confidence=0.94 | top_score=0.7441 | latency=11.57s
2026-05-01 15:30:55,307 | INFO | request_id=acc69144 | event=chat_request_started | message_length=555 | has_files=False
2026-05-01 15:30:55,307 | INFO | request_id=acc69144 | event=intent_detected | intent=analysis
2026-05-01 15:30:55,517 | INFO | request_id=acc69144 | event=retrieval_completed | top_score=0.7073 | threshold=0.45 | follow_up=False
2026-05-01 15:31:03,187 | INFO | request_id=acc69144 | event=chat_answer_completed | mode=RAG_ANALYSIS | intent=analysis | classification=Phishing | confidence=0.93 | top_score=0.7073 | latency=7.88s
2026-05-01 15:35:18,458 | INFO | event=prometheus_enabled | endpoint=/metrics
2026-05-01 15:35:18,460 | INFO | event=sentry_not_enabled | reason=SENTRY_DSN_not_set
2026-05-01 15:35:18,460 | INFO | event=monitoring_initialized
2026-05-01 15:35:19,923 | INFO | event=embeddings_loaded | items_count=2000
2026-05-01 15:36:16,610 | INFO | request_id=9274503f | event=chat_request_started | message_length=135 | has_files=False
2026-05-01 15:36:16,612 | INFO | request_id=9274503f | event=intent_detected | intent=analysis
2026-05-01 15:36:17,572 | INFO | request_id=9274503f | event=retrieval_completed | top_score=0.4703 | threshold=0.45 | follow_up=False
2026-05-01 15:36:25,010 | INFO | request_id=9274503f | event=chat_answer_completed | mode=RAG_ANALYSIS | intent=analysis | classification=Phishing | confidence=0.95 | top_score=0.4703 | latency=8.4s
2026-05-01 15:36:25,034 | INFO | request_id=ddbd9d5a | event=chat_request_started | message_length=135 | has_files=False
2026-05-01 15:36:25,035 | INFO | request_id=ddbd9d5a | event=intent_detected | intent=analysis
2026-05-01 15:36:25,202 | INFO | request_id=ddbd9d5a | event=retrieval_completed | top_score=0.4703 | threshold=0.45 | follow_up=False
2026-05-01 15:36:25,204 | ERROR | event=phi_model_failed_fallback_to_gpt | error=No module named 'transformers'
2026-05-01 15:36:33,068 | INFO | request_id=ddbd9d5a | event=chat_answer_completed | mode=RAG_ANALYSIS | intent=analysis | classification=Phishing | confidence=0.95 | top_score=0.4703 | latency=8.03s
2026-05-01 15:36:59,939 | INFO | request_id=9c0c1f37 | event=chat_request_started | message_length=1144 | has_files=False
2026-05-01 15:36:59,940 | INFO | request_id=9c0c1f37 | event=intent_detected | intent=analysis
2026-05-01 15:37:00,313 | INFO | request_id=9c0c1f37 | event=retrieval_completed | top_score=0.6947 | threshold=0.45 | follow_up=False
2026-05-01 15:37:06,570 | INFO | request_id=9c0c1f37 | event=chat_answer_completed | mode=RAG_ANALYSIS | intent=analysis | classification=Safe | confidence=0.9 | top_score=0.6947 | latency=6.63s
2026-05-01 15:37:09,308 | INFO | request_id=5328107c | event=chat_request_started | message_length=593 | has_files=False
2026-05-01 15:37:09,308 | INFO | request_id=5328107c | event=intent_detected | intent=analysis
2026-05-01 15:37:09,597 | INFO | request_id=5328107c | event=retrieval_completed | top_score=0.777 | threshold=0.45 | follow_up=False
2026-05-01 15:37:09,598 | ERROR | event=phi_model_failed_fallback_to_gpt | error=No module named 'transformers'
2026-05-01 15:37:18,163 | INFO | request_id=5328107c | event=chat_answer_completed | mode=RAG_ANALYSIS | intent=analysis | classification=Safe | confidence=0.9 | top_score=0.777 | latency=8.85s
2026-05-01 15:37:19,695 | INFO | request_id=48bbbde4 | event=chat_request_started | message_length=737 | has_files=False
2026-05-01 15:37:19,696 | INFO | request_id=48bbbde4 | event=intent_detected | intent=analysis
2026-05-01 15:37:19,910 | INFO | request_id=48bbbde4 | event=retrieval_completed | top_score=0.7441 | threshold=0.45 | follow_up=False
2026-05-01 15:37:19,911 | ERROR | event=phi_model_failed_fallback_to_gpt | error=No module named 'transformers'
2026-05-01 15:37:29,711 | INFO | request_id=48bbbde4 | event=chat_answer_completed | mode=RAG_ANALYSIS | intent=analysis | classification=Phishing | confidence=0.93 | top_score=0.7441 | latency=10.02s
2026-05-01 15:37:30,944 | INFO | request_id=b337ab6a | event=chat_request_started | message_length=555 | has_files=False
2026-05-01 15:37:30,944 | INFO | request_id=b337ab6a | event=intent_detected | intent=analysis
2026-05-01 15:37:31,180 | INFO | request_id=b337ab6a | event=retrieval_completed | top_score=0.7075 | threshold=0.45 | follow_up=False
2026-05-01 15:37:39,552 | INFO | request_id=b337ab6a | event=chat_answer_completed | mode=RAG_ANALYSIS | intent=analysis | classification=Phishing | confidence=0.93 | top_score=0.7075 | latency=8.61s
2026-05-01 15:37:41,583 | INFO | request_id=246aeb8f | event=chat_request_started | message_length=1144 | has_files=False
2026-05-01 15:37:41,583 | INFO | request_id=246aeb8f | event=intent_detected | intent=analysis
2026-05-01 15:37:41,806 | INFO | request_id=246aeb8f | event=retrieval_completed | top_score=0.6947 | threshold=0.45 | follow_up=False
2026-05-01 15:37:41,808 | ERROR | event=phi_model_failed_fallback_to_gpt | error=No module named 'transformers'
2026-05-01 15:37:49,574 | INFO | request_id=246aeb8f | event=chat_answer_completed | mode=RAG_ANALYSIS | intent=analysis | classification=Safe | confidence=0.9 | top_score=0.6947 | latency=7.99s
2026-05-01 15:37:53,167 | INFO | request_id=e1ff3097 | event=chat_request_started | message_length=593 | has_files=False
2026-05-01 15:37:53,168 | INFO | request_id=e1ff3097 | event=intent_detected | intent=analysis
2026-05-01 15:37:53,371 | INFO | request_id=e1ff3097 | event=retrieval_completed | top_score=0.777 | threshold=0.45 | follow_up=False
2026-05-01 15:37:53,373 | ERROR | event=phi_model_failed_fallback_to_gpt | error=No module named 'transformers'
2026-05-01 15:38:00,432 | INFO | request_id=e1ff3097 | event=chat_answer_completed | mode=RAG_ANALYSIS | intent=analysis | classification=Safe | confidence=0.9 | top_score=0.777 | latency=7.26s
2026-05-01 15:38:01,766 | INFO | request_id=270450e0 | event=chat_request_started | message_length=737 | has_files=False
2026-05-01 15:38:01,766 | INFO | request_id=270450e0 | event=intent_detected | intent=analysis
2026-05-01 15:38:01,992 | INFO | request_id=270450e0 | event=retrieval_completed | top_score=0.7441 | threshold=0.45 | follow_up=False
2026-05-01 15:38:01,993 | ERROR | event=phi_model_failed_fallback_to_gpt | error=No module named 'transformers'
2026-05-01 15:38:11,285 | INFO | request_id=270450e0 | event=chat_answer_completed | mode=RAG_ANALYSIS | intent=analysis | classification=Phishing | confidence=0.95 | top_score=0.7441 | latency=9.52s
2026-05-01 15:38:12,415 | INFO | request_id=1a5679ec | event=chat_request_started | message_length=555 | has_files=False
2026-05-01 15:38:12,415 | INFO | request_id=1a5679ec | event=intent_detected | intent=analysis
2026-05-01 15:38:12,613 | INFO | request_id=1a5679ec | event=retrieval_completed | top_score=0.7075 | threshold=0.45 | follow_up=False
2026-05-01 15:38:21,430 | INFO | request_id=1a5679ec | event=chat_answer_completed | mode=RAG_ANALYSIS | intent=analysis | classification=Phishing | confidence=0.92 | top_score=0.7075 | latency=9.02s
2026-05-01 15:41:22,566 | INFO | request_id=19ff4cd4 | event=chat_request_started | message_length=1144 | has_files=False
2026-05-01 15:41:22,566 | INFO | request_id=19ff4cd4 | event=intent_detected | intent=analysis
2026-05-01 15:41:22,991 | INFO | request_id=19ff4cd4 | event=retrieval_completed | top_score=0.6947 | threshold=0.45 | follow_up=False
2026-05-01 15:41:22,993 | ERROR | event=phi_model_failed_fallback_to_gpt | error=No module named 'transformers'
2026-05-01 15:41:29,324 | INFO | request_id=19ff4cd4 | event=chat_answer_completed | mode=RAG_ANALYSIS | intent=analysis | classification=Safe | confidence=0.9 | top_score=0.6947 | latency=6.76s
2026-05-01 15:41:31,183 | INFO | request_id=02d53e49 | event=chat_request_started | message_length=593 | has_files=False
2026-05-01 15:41:31,183 | INFO | request_id=02d53e49 | event=intent_detected | intent=analysis
2026-05-01 15:41:31,398 | INFO | request_id=02d53e49 | event=retrieval_completed | top_score=0.777 | threshold=0.45 | follow_up=False
2026-05-01 15:41:40,483 | INFO | request_id=02d53e49 | event=chat_answer_completed | mode=RAG_ANALYSIS | intent=analysis | classification=Safe | confidence=0.9 | top_score=0.777 | latency=9.3s
2026-05-01 15:41:41,819 | INFO | request_id=78b05ce5 | event=chat_request_started | message_length=737 | has_files=False
2026-05-01 15:41:41,819 | INFO | request_id=78b05ce5 | event=intent_detected | intent=analysis
2026-05-01 15:41:42,031 | INFO | request_id=78b05ce5 | event=retrieval_completed | top_score=0.7441 | threshold=0.45 | follow_up=False
2026-05-01 15:41:52,055 | INFO | request_id=78b05ce5 | event=chat_answer_completed | mode=RAG_ANALYSIS | intent=analysis | classification=Phishing | confidence=0.93 | top_score=0.7441 | latency=10.24s
2026-05-01 15:41:53,390 | INFO | request_id=47c92787 | event=chat_request_started | message_length=555 | has_files=False
2026-05-01 15:41:53,390 | INFO | request_id=47c92787 | event=intent_detected | intent=analysis
2026-05-01 15:41:53,737 | INFO | request_id=47c92787 | event=retrieval_completed | top_score=0.7075 | threshold=0.45 | follow_up=False
2026-05-01 15:41:53,738 | ERROR | event=phi_model_failed_fallback_to_gpt | error=No module named 'transformers'
2026-05-01 15:42:00,554 | INFO | request_id=47c92787 | event=chat_answer_completed | mode=RAG_ANALYSIS | intent=analysis | classification=Phishing | confidence=0.94 | top_score=0.7075 | latency=7.16s
2026-05-01 15:42:02,252 | INFO | request_id=e9879ceb | event=chat_request_started | message_length=1144 | has_files=False
2026-05-01 15:42:02,253 | INFO | request_id=e9879ceb | event=intent_detected | intent=analysis
2026-05-01 15:42:02,480 | INFO | request_id=e9879ceb | event=retrieval_completed | top_score=0.6948 | threshold=0.45 | follow_up=False
2026-05-01 15:42:09,463 | INFO | request_id=e9879ceb | event=chat_answer_completed | mode=RAG_ANALYSIS | intent=analysis | classification=Safe | confidence=0.9 | top_score=0.6948 | latency=7.21s
2026-05-01 15:42:10,491 | INFO | request_id=a73699e5 | event=chat_request_started | message_length=593 | has_files=False
2026-05-01 15:42:10,491 | INFO | request_id=a73699e5 | event=intent_detected | intent=analysis
2026-05-01 15:42:11,007 | INFO | request_id=a73699e5 | event=retrieval_completed | top_score=0.777 | threshold=0.45 | follow_up=False
2026-05-01 15:42:11,009 | ERROR | event=phi_model_failed_fallback_to_gpt | error=No module named 'transformers'
2026-05-01 15:42:17,347 | INFO | request_id=a73699e5 | event=chat_answer_completed | mode=RAG_ANALYSIS | intent=analysis | classification=Safe | confidence=0.9 | top_score=0.777 | latency=6.86s
2026-05-01 15:42:28,410 | INFO | request_id=48dae722 | event=chat_request_started | message_length=737 | has_files=False
2026-05-01 15:42:28,410 | INFO | request_id=48dae722 | event=intent_detected | intent=analysis
2026-05-01 15:42:28,778 | INFO | request_id=48dae722 | event=retrieval_completed | top_score=0.7441 | threshold=0.45 | follow_up=False
2026-05-01 15:42:36,395 | INFO | request_id=48dae722 | event=chat_answer_completed | mode=RAG_ANALYSIS | intent=analysis | classification=Phishing | confidence=0.93 | top_score=0.7441 | latency=7.99s
2026-05-01 15:42:37,524 | INFO | request_id=c1958ea2 | event=chat_request_started | message_length=555 | has_files=False
2026-05-01 15:42:37,524 | INFO | request_id=c1958ea2 | event=intent_detected | intent=analysis
2026-05-01 15:42:37,719 | INFO | request_id=c1958ea2 | event=retrieval_completed | top_score=0.7075 | threshold=0.45 | follow_up=False
2026-05-01 15:42:37,720 | ERROR | event=phi_model_failed_fallback_to_gpt | error=No module named 'transformers'
2026-05-01 15:42:46,428 | INFO | request_id=c1958ea2 | event=chat_answer_completed | mode=RAG_ANALYSIS | intent=analysis | classification=Phishing | confidence=0.93 | top_score=0.7075 | latency=8.9s
2026-05-01 15:49:43,546 | INFO | event=prometheus_enabled | endpoint=/metrics
2026-05-01 15:49:43,550 | INFO | event=sentry_not_enabled | reason=SENTRY_DSN_not_set
2026-05-01 15:49:43,551 | INFO | event=monitoring_initialized
2026-05-01 15:49:45,077 | INFO | event=embeddings_loaded | items_count=2000
2026-05-01 15:51:05,869 | INFO | request_id=88aa4adf | event=chat_request_started | message_length=121 | has_files=False
2026-05-01 15:51:05,871 | INFO | request_id=88aa4adf | event=intent_detected | intent=analysis
2026-05-01 15:51:08,745 | INFO | request_id=88aa4adf | event=retrieval_completed | top_score=0.5311 | threshold=0.45 | follow_up=False
2026-05-01 15:51:14,023 | INFO | request_id=88aa4adf | event=chat_answer_completed | mode=RAG_ANALYSIS | intent=analysis | classification=Phishing | confidence=0.95 | top_score=0.5311 | latency=8.15s
2026-05-01 15:51:14,075 | INFO | request_id=565ae100 | event=chat_request_started | message_length=121 | has_files=False
2026-05-01 15:51:14,076 | INFO | request_id=565ae100 | event=intent_detected | intent=analysis
2026-05-01 15:51:14,415 | INFO | request_id=565ae100 | event=retrieval_completed | top_score=0.5311 | threshold=0.45 | follow_up=False
2026-05-01 15:51:14,418 | ERROR | event=phi_model_failed_fallback_to_gpt | error=No module named 'transformers'
2026-05-01 15:51:18,751 | INFO | request_id=565ae100 | event=chat_answer_completed | mode=RAG_ANALYSIS | intent=analysis | classification=Phishing | confidence=0.95 | top_score=0.5311 | latency=4.68s
2026-05-01 15:51:26,942 | INFO | request_id=3145b552 | event=chat_request_started | message_length=55 | has_files=False
2026-05-01 15:51:26,943 | INFO | request_id=3145b552 | event=intent_detected | intent=educational
2026-05-01 15:51:34,622 | INFO | request_id=3145b552 | event=educational_answer_completed | latency=7.68s | intent=educational
2026-05-01 15:51:34,642 | INFO | request_id=18355c69 | event=chat_request_started | message_length=55 | has_files=False
2026-05-01 15:51:34,642 | INFO | request_id=18355c69 | event=intent_detected | intent=educational
2026-05-01 15:51:34,643 | ERROR | event=phi_model_failed_fallback_to_gpt | error=No module named 'transformers'
2026-05-01 15:51:43,881 | INFO | request_id=18355c69 | event=educational_answer_completed | latency=9.24s | intent=educational
2026-05-01 15:52:05,498 | INFO | request_id=a58c850c | event=chat_request_started | message_length=1144 | has_files=False
2026-05-01 15:52:05,499 | INFO | request_id=a58c850c | event=intent_detected | intent=analysis
2026-05-01 15:52:06,684 | INFO | request_id=a58c850c | event=retrieval_completed | top_score=0.6947 | threshold=0.45 | follow_up=False
2026-05-01 15:52:06,686 | ERROR | event=phi_model_failed_fallback_to_gpt | error=No module named 'transformers'
2026-05-01 15:52:12,822 | INFO | request_id=a58c850c | event=chat_answer_completed | mode=RAG_ANALYSIS | intent=analysis | classification=Safe | confidence=0.9 | top_score=0.6947 | latency=7.32s
2026-05-01 15:52:14,621 | INFO | request_id=36c473ba | event=chat_request_started | message_length=593 | has_files=False
2026-05-01 15:52:14,622 | INFO | request_id=36c473ba | event=intent_detected | intent=analysis
2026-05-01 15:52:14,829 | INFO | request_id=36c473ba | event=retrieval_completed | top_score=0.777 | threshold=0.45 | follow_up=False
2026-05-01 15:52:24,468 | INFO | request_id=36c473ba | event=chat_answer_completed | mode=RAG_ANALYSIS | intent=analysis | classification=Safe | confidence=0.9 | top_score=0.777 | latency=9.85s
2026-05-01 15:52:26,229 | INFO | request_id=e1c455cd | event=chat_request_started | message_length=737 | has_files=False
2026-05-01 15:52:26,230 | INFO | request_id=e1c455cd | event=intent_detected | intent=analysis
2026-05-01 15:52:26,438 | INFO | request_id=e1c455cd | event=retrieval_completed | top_score=0.7441 | threshold=0.45 | follow_up=False
2026-05-01 15:52:37,182 | INFO | request_id=e1c455cd | event=chat_answer_completed | mode=RAG_ANALYSIS | intent=analysis | classification=Phishing | confidence=0.92 | top_score=0.7441 | latency=10.95s
2026-05-01 15:52:38,518 | INFO | request_id=8a044209 | event=chat_request_started | message_length=555 | has_files=False
2026-05-01 15:52:38,519 | INFO | request_id=8a044209 | event=intent_detected | intent=analysis
2026-05-01 15:52:38,720 | INFO | request_id=8a044209 | event=retrieval_completed | top_score=0.7075 | threshold=0.45 | follow_up=False
2026-05-01 15:52:47,216 | INFO | request_id=8a044209 | event=chat_answer_completed | mode=RAG_ANALYSIS | intent=analysis | classification=Phishing | confidence=0.92 | top_score=0.7075 | latency=8.7s
2026-05-01 15:52:49,463 | INFO | request_id=233342dd | event=chat_request_started | message_length=1144 | has_files=False
2026-05-01 15:52:49,464 | INFO | request_id=233342dd | event=intent_detected | intent=analysis
2026-05-01 15:52:49,663 | INFO | request_id=233342dd | event=retrieval_completed | top_score=0.6947 | threshold=0.45 | follow_up=False
2026-05-01 15:52:49,664 | ERROR | event=phi_model_failed_fallback_to_gpt | error=No module named 'transformers'
2026-05-01 15:52:57,456 | INFO | request_id=233342dd | event=chat_answer_completed | mode=RAG_ANALYSIS | intent=analysis | classification=Safe | confidence=0.9 | top_score=0.6947 | latency=7.99s
2026-05-01 15:52:58,894 | INFO | request_id=583e75d8 | event=chat_request_started | message_length=593 | has_files=False
2026-05-01 15:52:58,894 | INFO | request_id=583e75d8 | event=intent_detected | intent=analysis
2026-05-01 15:52:59,092 | INFO | request_id=583e75d8 | event=retrieval_completed | top_score=0.777 | threshold=0.45 | follow_up=False
2026-05-01 15:53:06,978 | INFO | request_id=583e75d8 | event=chat_answer_completed | mode=RAG_ANALYSIS | intent=analysis | classification=Safe | confidence=0.9 | top_score=0.777 | latency=8.08s
2026-05-01 15:53:08,114 | INFO | request_id=7f6360f8 | event=chat_request_started | message_length=737 | has_files=False
2026-05-01 15:53:08,114 | INFO | request_id=7f6360f8 | event=intent_detected | intent=analysis
2026-05-01 15:53:08,320 | INFO | request_id=7f6360f8 | event=retrieval_completed | top_score=0.7441 | threshold=0.45 | follow_up=False
2026-05-01 15:53:08,322 | ERROR | event=phi_model_failed_fallback_to_gpt | error=No module named 'transformers'
2026-05-01 15:53:18,566 | INFO | request_id=7f6360f8 | event=chat_answer_completed | mode=RAG_ANALYSIS | intent=analysis | classification=Phishing | confidence=0.94 | top_score=0.7441 | latency=10.45s
2026-05-01 15:53:20,007 | INFO | request_id=0d4e5988 | event=chat_request_started | message_length=555 | has_files=False
2026-05-01 15:53:20,007 | INFO | request_id=0d4e5988 | event=intent_detected | intent=analysis
2026-05-01 15:53:20,220 | INFO | request_id=0d4e5988 | event=retrieval_completed | top_score=0.7075 | threshold=0.45 | follow_up=False
2026-05-01 15:53:30,674 | INFO | request_id=0d4e5988 | event=chat_answer_completed | mode=RAG_ANALYSIS | intent=analysis | classification=Phishing | confidence=0.9 | top_score=0.7075 | latency=10.67s
2026-05-01 16:01:14,024 | INFO | event=prometheus_enabled | endpoint=/metrics
2026-05-01 16:01:14,025 | INFO | event=sentry_not_enabled | reason=SENTRY_DSN_not_set
2026-05-01 16:01:14,025 | INFO | event=monitoring_initialized
2026-05-01 16:01:15,378 | INFO | event=embeddings_loaded | items_count=2000
2026-05-01 16:03:11,766 | INFO | event=prometheus_enabled | endpoint=/metrics
2026-05-01 16:03:11,767 | INFO | event=sentry_not_enabled | reason=SENTRY_DSN_not_set
2026-05-01 16:03:11,767 | INFO | event=monitoring_initialized
2026-05-01 16:03:13,147 | INFO | event=embeddings_loaded | items_count=2000
2026-05-01 16:12:57,458 | INFO | event=prometheus_enabled | endpoint=/metrics
2026-05-01 16:12:57,459 | INFO | event=sentry_not_enabled | reason=SENTRY_DSN_not_set
2026-05-01 16:12:57,459 | INFO | event=monitoring_initialized
2026-05-01 16:12:59,006 | INFO | event=embeddings_loaded | items_count=2000
2026-05-01 16:20:10,883 | INFO | event=prometheus_enabled | endpoint=/metrics
2026-05-01 16:20:10,883 | INFO | event=sentry_not_enabled | reason=SENTRY_DSN_not_set
2026-05-01 16:20:10,883 | INFO | event=monitoring_initialized
2026-05-01 16:20:12,314 | INFO | event=embeddings_loaded | items_count=2000
2026-05-02 10:52:44,591 | INFO | event=prometheus_enabled | endpoint=/metrics
2026-05-02 10:52:44,594 | INFO | event=sentry_not_enabled | reason=SENTRY_DSN_not_set
2026-05-02 10:52:44,594 | INFO | event=monitoring_initialized
2026-05-02 10:52:47,037 | INFO | event=embeddings_loaded | items_count=2000
2026-05-02 10:58:26,331 | INFO | event=prometheus_enabled | endpoint=/metrics
2026-05-02 10:58:26,332 | INFO | event=sentry_not_enabled | reason=SENTRY_DSN_not_set
2026-05-02 10:58:26,332 | INFO | event=monitoring_initialized
2026-05-02 10:58:27,799 | INFO | event=embeddings_loaded | items_count=2000
2026-05-02 11:03:52,761 | INFO | event=prometheus_enabled | endpoint=/metrics
2026-05-02 11:03:52,762 | INFO | event=sentry_not_enabled | reason=SENTRY_DSN_not_set
2026-05-02 11:03:52,762 | INFO | event=monitoring_initialized
2026-05-02 11:03:54,295 | INFO | event=embeddings_loaded | items_count=2000
2026-05-02 11:05:11,609 | INFO | request_id=4ae22aca | event=chat_request_started | message_length=17 | has_files=False
2026-05-02 11:05:11,612 | INFO | request_id=4ae22aca | event=intent_detected | intent=educational
2026-05-02 11:05:20,411 | INFO | request_id=4ae22aca | event=educational_answer_completed | latency=8.8s | intent=educational
2026-05-02 11:05:20,422 | INFO | request_id=e5f4d46b | event=chat_request_started | message_length=17 | has_files=False
2026-05-02 11:05:20,423 | INFO | request_id=e5f4d46b | event=intent_detected | intent=educational
2026-05-02 11:05:20,425 | ERROR | event=phi_model_failed_fallback_to_gpt | error=No module named 'transformers'
2026-05-02 11:05:26,538 | INFO | request_id=e5f4d46b | event=educational_answer_completed | latency=6.12s | intent=educational
2026-05-02 11:05:40,673 | INFO | request_id=132b0f8f | event=chat_request_started | message_length=31 | has_files=False
2026-05-02 11:05:40,673 | INFO | request_id=132b0f8f | event=intent_detected | intent=analysis
2026-05-02 11:05:43,143 | INFO | request_id=132b0f8f | event=retrieval_completed | top_score=0.3537 | threshold=0.45 | follow_up=False
2026-05-02 11:05:46,710 | INFO | request_id=132b0f8f | event=chat_answer_completed | mode=LLM_ANALYSIS | intent=analysis | classification=Safe | confidence=0.9 | top_score=0.3537 | latency=6.04s
2026-05-02 11:05:46,719 | INFO | request_id=b928adad | event=chat_request_started | message_length=31 | has_files=False
2026-05-02 11:05:46,719 | INFO | request_id=b928adad | event=intent_detected | intent=analysis
2026-05-02 11:05:47,749 | INFO | request_id=b928adad | event=retrieval_completed | top_score=0.3537 | threshold=0.45 | follow_up=False
2026-05-02 11:05:47,750 | ERROR | event=phi_model_failed_fallback_to_gpt | error=No module named 'transformers'
2026-05-02 11:05:52,137 | INFO | request_id=b928adad | event=chat_answer_completed | mode=LLM_ANALYSIS | intent=analysis | classification=Safe | confidence=0.9 | top_score=0.3537 | latency=5.42s
2026-05-02 11:06:27,527 | INFO | request_id=cf8a5462 | event=chat_request_started | message_length=12 | has_files=False
2026-05-02 11:06:27,529 | INFO | request_id=cf8a5462 | event=intent_detected | intent=educational
2026-05-02 11:06:37,704 | INFO | request_id=cf8a5462 | event=educational_answer_completed | latency=10.18s | intent=educational
2026-05-02 11:06:37,711 | INFO | request_id=3b0dffd6 | event=chat_request_started | message_length=12 | has_files=False
2026-05-02 11:06:37,711 | INFO | request_id=3b0dffd6 | event=intent_detected | intent=educational
2026-05-02 11:06:37,713 | ERROR | event=phi_model_failed_fallback_to_gpt | error=No module named 'transformers'
2026-05-02 11:06:46,681 | INFO | request_id=3b0dffd6 | event=educational_answer_completed | latency=8.97s | intent=educational
2026-05-02 11:09:53,550 | INFO | request_id=33d68a15 | event=chat_request_started | message_length=112 | has_files=False
2026-05-02 11:09:53,552 | INFO | request_id=33d68a15 | event=intent_detected | intent=analysis
2026-05-02 11:09:54,024 | INFO | request_id=33d68a15 | event=retrieval_completed | top_score=0.4852 | threshold=0.45 | follow_up=False
2026-05-02 11:10:01,128 | INFO | request_id=33d68a15 | event=chat_answer_completed | mode=RAG_ANALYSIS | intent=analysis | classification=Phishing | confidence=0.95 | top_score=0.4852 | latency=7.58s
2026-05-02 11:10:01,138 | INFO | request_id=674a7839 | event=chat_request_started | message_length=112 | has_files=False
2026-05-02 11:10:01,139 | INFO | request_id=674a7839 | event=intent_detected | intent=analysis
2026-05-02 11:10:01,346 | INFO | request_id=674a7839 | event=retrieval_completed | top_score=0.4854 | threshold=0.45 | follow_up=False
2026-05-02 11:10:01,348 | ERROR | event=phi_model_failed_fallback_to_gpt | error=No module named 'transformers'
2026-05-02 11:10:07,516 | INFO | request_id=674a7839 | event=chat_answer_completed | mode=RAG_ANALYSIS | intent=analysis | classification=Phishing | confidence=0.95 | top_score=0.4854 | latency=6.38s
2026-05-02 11:19:37,523 | INFO | request_id=af546ff6 | event=chat_request_started | message_length=29 | has_files=False
2026-05-02 11:19:37,526 | INFO | request_id=af546ff6 | event=intent_detected | intent=educational
2026-05-02 11:32:46,492 | INFO | request_id=932783c0 | event=chat_request_started | message_length=0 | has_files=True
2026-05-02 11:32:46,494 | INFO | request_id=932783c0 | event=file_uploaded | filename=QR_code_Wi-Fi_generic.svg.png | content_type=image/png | size_bytes=6617
2026-05-02 11:32:46,494 | INFO | request_id=932783c0 | event=static_file_safety_checked | filename=QR_code_Wi-Fi_generic.svg.png | classification=Safe | severity=0 | flags_count=0
2026-05-02 11:32:52,562 | INFO | request_id=932783c0 | event=file_analysis_result | filename=QR_code_Wi-Fi_generic.svg.png | mode=VISION_FILE_ANALYSIS | classification=Safe | confidence=0.83
2026-05-02 11:32:52,565 | INFO | request_id=932783c0 | event=file_analysis_completed | latency=6.07s | files_count=1
2026-05-02 11:32:52,574 | INFO | request_id=954f704f | event=chat_request_started | message_length=0 | has_files=True
2026-05-02 11:32:52,575 | INFO | request_id=954f704f | event=file_uploaded | filename=QR_code_Wi-Fi_generic.svg.png | content_type=image/png | size_bytes=6617
2026-05-02 11:32:52,575 | INFO | request_id=954f704f | event=static_file_safety_checked | filename=QR_code_Wi-Fi_generic.svg.png | classification=Safe | severity=0 | flags_count=0
2026-05-02 11:32:58,631 | INFO | request_id=954f704f | event=file_analysis_result | filename=QR_code_Wi-Fi_generic.svg.png | mode=VISION_FILE_ANALYSIS | classification=Safe | confidence=0.72
2026-05-02 11:32:58,633 | INFO | request_id=954f704f | event=file_analysis_completed | latency=6.06s | files_count=1
2026-05-02 11:36:11,221 | INFO | request_id=f1a75607 | event=chat_request_started | message_length=0 | has_files=True
2026-05-02 11:36:11,228 | INFO | request_id=f1a75607 | event=file_uploaded | filename=images.png | content_type=image/png | size_bytes=6200
2026-05-02 11:36:11,229 | INFO | request_id=f1a75607 | event=static_file_safety_checked | filename=images.png | classification=Safe | severity=0 | flags_count=0
2026-05-02 11:36:16,991 | INFO | request_id=f1a75607 | event=file_analysis_result | filename=images.png | mode=VISION_FILE_ANALYSIS | classification=Suspicious | confidence=0.65
2026-05-02 11:36:16,994 | INFO | request_id=f1a75607 | event=file_analysis_completed | latency=5.77s | files_count=1
2026-05-02 11:36:17,002 | INFO | request_id=ccee4f71 | event=chat_request_started | message_length=0 | has_files=True
2026-05-02 11:36:17,003 | INFO | request_id=ccee4f71 | event=file_uploaded | filename=images.png | content_type=image/png | size_bytes=6200
2026-05-02 11:36:17,003 | INFO | request_id=ccee4f71 | event=static_file_safety_checked | filename=images.png | classification=Safe | severity=0 | flags_count=0
2026-05-02 11:36:22,171 | INFO | request_id=ccee4f71 | event=file_analysis_result | filename=images.png | mode=VISION_FILE_ANALYSIS | classification=Suspicious | confidence=0.55
2026-05-02 11:36:22,172 | INFO | request_id=ccee4f71 | event=file_analysis_completed | latency=5.17s | files_count=1
2026-05-02 11:36:40,234 | INFO | request_id=e0f3e9ef | event=chat_request_started | message_length=0 | has_files=True
2026-05-02 11:36:40,238 | INFO | request_id=e0f3e9ef | event=file_uploaded | filename=images.png | content_type=image/png | size_bytes=3284
2026-05-02 11:36:40,239 | INFO | request_id=e0f3e9ef | event=static_file_safety_checked | filename=images.png | classification=Safe | severity=0 | flags_count=0
2026-05-02 11:36:59,062 | INFO | request_id=e0f3e9ef | event=file_analysis_result | filename=images.png | mode=VISION_FILE_ANALYSIS | classification=Suspicious | confidence=0.55
2026-05-02 11:36:59,064 | INFO | request_id=e0f3e9ef | event=file_analysis_completed | latency=18.83s | files_count=1
2026-05-02 11:36:59,075 | INFO | request_id=2eb079aa | event=chat_request_started | message_length=0 | has_files=True
2026-05-02 11:36:59,075 | INFO | request_id=2eb079aa | event=file_uploaded | filename=images.png | content_type=image/png | size_bytes=3284
2026-05-02 11:36:59,076 | INFO | request_id=2eb079aa | event=static_file_safety_checked | filename=images.png | classification=Safe | severity=0 | flags_count=0
2026-05-02 11:37:04,917 | INFO | request_id=2eb079aa | event=file_analysis_result | filename=images.png | mode=VISION_FILE_ANALYSIS | classification=Suspicious | confidence=0.55
2026-05-02 11:37:04,918 | INFO | request_id=2eb079aa | event=file_analysis_completed | latency=5.84s | files_count=1
2026-05-02 12:04:09,060 | INFO | event=prometheus_enabled | endpoint=/metrics
2026-05-02 12:04:09,061 | INFO | event=sentry_not_enabled | reason=SENTRY_DSN_not_set
2026-05-02 12:04:09,061 | INFO | event=monitoring_initialized
2026-05-02 12:04:11,439 | INFO | event=embeddings_loaded | items_count=2000
2026-05-02 12:05:08,466 | INFO | event=prometheus_enabled | endpoint=/metrics
2026-05-02 12:05:08,467 | INFO | event=sentry_not_enabled | reason=SENTRY_DSN_not_set
2026-05-02 12:05:08,467 | INFO | event=monitoring_initialized
2026-05-02 12:05:10,374 | INFO | event=embeddings_loaded | items_count=2000
2026-05-02 12:05:21,447 | INFO | event=prometheus_enabled | endpoint=/metrics
2026-05-02 12:05:21,449 | INFO | event=sentry_not_enabled | reason=SENTRY_DSN_not_set
2026-05-02 12:05:21,449 | INFO | event=monitoring_initialized
2026-05-02 12:05:23,019 | INFO | event=embeddings_loaded | items_count=2000
2026-05-02 15:10:12,341 | INFO | event=prometheus_enabled | endpoint=/metrics
2026-05-02 15:10:12,343 | INFO | event=sentry_not_enabled | reason=SENTRY_DSN_not_set
2026-05-02 15:10:12,344 | INFO | event=monitoring_initialized
2026-05-02 15:10:15,737 | INFO | event=embeddings_loaded | items_count=2000
2026-05-02 15:11:03,392 | INFO | event=prometheus_enabled | endpoint=/metrics
2026-05-02 15:11:03,394 | INFO | event=sentry_not_enabled | reason=SENTRY_DSN_not_set
2026-05-02 15:11:03,394 | INFO | event=monitoring_initialized
2026-05-02 15:11:08,369 | INFO | event=embeddings_loaded | items_count=2000
